country,continent,year,lifeExp,pop,iso_alpha,iso_num,GDP per person,g7
Afghanistan,Asia,1952,28.8,8425333,AFG,4,779.0,
Afghanistan,Asia,1957,30.3,9240934,AFG,4,821.0,
Afghanistan,Asia,1962,32.0,10267083,AFG,4,853.0,
Afghanistan,Asia,1967,34.0,11537966,AFG,4,836.0,
Afghanistan,Asia,1972,36.1,13079460,AFG,4,740.0,
Afghanistan,Asia,1977,38.4,14880372,AFG,4,786.0,
Afghanistan,Asia,1982,39.9,12881816,AFG,4,978.0,
Afghanistan,Asia,1987,40.8,13867957,AFG,4,852.0,
Afghanistan,Asia,1992,41.7,16317921,AFG,4,649.0,
Afghanistan,Asia,1997,41.8,22227415,AFG,4,635.0,
Afghanistan,Asia,2002,42.1,25268405,AFG,4,727.0,
Afghanistan,Asia,2007,43.8,31889923,AFG,4,975.0,
Albania,Europe,1952,55.2,1282697,ALB,8,1601.0,
Albania,Europe,1957,59.3,1476505,ALB,8,1942.0,
Albania,Europe,1962,64.8,1728137,ALB,8,2313.0,
Albania,Europe,1967,66.2,1984060,ALB,8,2760.0,
Albania,Europe,1972,67.7,2263554,ALB,8,3313.0,
Albania,Europe,1977,68.9,2509048,ALB,8,3533.0,
Albania,Europe,1982,70.4,2780097,ALB,8,3631.0,
Albania,Europe,1987,72.0,3075321,ALB,8,3739.0,
Albania,Europe,1992,71.6,3326498,ALB,8,2497.0,
Albania,Europe,1997,73.0,3428038,ALB,8,3193.0,
Albania,Europe,2002,75.7,3508512,ALB,8,4604.0,
Albania,Europe,2007,76.4,3600523,ALB,8,5937.0,
Algeria,Africa,1952,43.1,9279525,DZA,12,2449.0,
Algeria,Africa,1957,45.7,10270856,DZA,12,3014.0,
Algeria,Africa,1962,48.3,11000948,DZA,12,2551.0,
Algeria,Africa,1967,51.4,12760499,DZA,12,3247.0,
Algeria,Africa,1972,54.5,14760787,DZA,12,4183.0,
Algeria,Africa,1977,58.0,17152804,DZA,12,4910.0,
Algeria,Africa,1982,61.4,20033753,DZA,12,5745.0,
Algeria,Africa,1987,65.8,23254956,DZA,12,5681.0,
Algeria,Africa,1992,67.7,26298373,DZA,12,5023.0,
Algeria,Africa,1997,69.2,29072015,DZA,12,4797.0,
Algeria,Africa,2002,71.0,31287142,DZA,12,5288.0,
Algeria,Africa,2007,72.3,33333216,DZA,12,6223.0,
Angola,Africa,1952,30.0,4232095,AGO,24,3521.0,
Angola,Africa,1957,32.0,4561361,AGO,24,3828.0,
Angola,Africa,1962,34.0,4826015,AGO,24,4269.0,
Angola,Africa,1967,36.0,5247469,AGO,24,5523.0,
Angola,Africa,1972,37.9,5894858,AGO,24,5473.0,
Angola,Africa,1977,39.5,6162675,AGO,24,3009.0,
Angola,Africa,1982,39.9,7016384,AGO,24,2757.0,
Angola,Africa,1987,39.9,7874230,AGO,24,2430.0,
Angola,Africa,1992,40.6,8735988,AGO,24,2628.0,
Angola,Africa,1997,41.0,9875024,AGO,24,2277.0,
Angola,Africa,2002,41.0,10866106,AGO,24,2773.0,
Angola,Africa,2007,42.7,12420476,AGO,24,4797.0,
Argentina,Americas,1952,62.5,17876956,ARG,32,5911.0,
Argentina,Americas,1957,64.4,19610538,ARG,32,6857.0,
Argentina,Americas,1962,65.1,21283783,ARG,32,7133.0,
Argentina,Americas,1967,65.6,22934225,ARG,32,8053.0,
Argentina,Americas,1972,67.1,24779799,ARG,32,9443.0,
Argentina,Americas,1977,68.5,26983828,ARG,32,10079.0,
Argentina,Americas,1982,69.9,29341374,ARG,32,8998.0,
Argentina,Americas,1987,70.8,31620918,ARG,32,9140.0,
Argentina,Americas,1992,71.9,33958947,ARG,32,9308.0,
Argentina,Americas,1997,73.3,36203463,ARG,32,10967.0,
Argentina,Americas,2002,74.3,38331121,ARG,32,8798.0,
Argentina,Americas,2007,75.3,40301927,ARG,32,12779.0,
Australia,Oceania,1952,69.1,8691212,AUS,36,10040.0,
Australia,Oceania,1957,70.3,9712569,AUS,36,10950.0,
Australia,Oceania,1962,70.9,10794968,AUS,36,12217.0,
Australia,Oceania,1967,71.1,11872264,AUS,36,14526.0,
Australia,Oceania,1972,71.9,13177000,AUS,36,16789.0,
Australia,Oceania,1977,73.5,14074100,AUS,36,18334.0,
Australia,Oceania,1982,74.7,15184200,AUS,36,19477.0,
Australia,Oceania,1987,76.3,16257249,AUS,36,21889.0,
Australia,Oceania,1992,77.6,17481977,AUS,36,23425.0,
Australia,Oceania,1997,78.8,18565243,AUS,36,26998.0,
Australia,Oceania,2002,80.4,19546792,AUS,36,30688.0,
Australia,Oceania,2007,81.2,20434176,AUS,36,34435.0,
Austria,Europe,1952,66.8,6927772,AUT,40,6137.0,
Austria,Europe,1957,67.5,6965860,AUT,40,8843.0,
Austria,Europe,1962,69.5,7129864,AUT,40,10751.0,
Austria,Europe,1967,70.1,7376998,AUT,40,12835.0,
Austria,Europe,1972,70.6,7544201,AUT,40,16662.0,
Austria,Europe,1977,72.2,7568430,AUT,40,19749.0,
Austria,Europe,1982,73.2,7574613,AUT,40,21597.0,
Austria,Europe,1987,74.9,7578903,AUT,40,23688.0,
Austria,Europe,1992,76.0,7914969,AUT,40,27042.0,
Austria,Europe,1997,77.5,8069876,AUT,40,29096.0,
Austria,Europe,2002,79.0,8148312,AUT,40,32418.0,
Austria,Europe,2007,79.8,8199783,AUT,40,36126.0,
Bahrain,Asia,1952,50.9,120447,BHR,48,9867.0,
Bahrain,Asia,1957,53.8,138655,BHR,48,11636.0,
Bahrain,Asia,1962,56.9,171863,BHR,48,12753.0,
Bahrain,Asia,1967,59.9,202182,BHR,48,14805.0,
Bahrain,Asia,1972,63.3,230800,BHR,48,18269.0,
Bahrain,Asia,1977,65.6,297410,BHR,48,19340.0,
Bahrain,Asia,1982,69.1,377967,BHR,48,19211.0,
Bahrain,Asia,1987,70.8,454612,BHR,48,18524.0,
Bahrain,Asia,1992,72.6,529491,BHR,48,19036.0,
Bahrain,Asia,1997,73.9,598561,BHR,48,20292.0,
Bahrain,Asia,2002,74.8,656397,BHR,48,23404.0,
Bahrain,Asia,2007,75.6,708573,BHR,48,29796.0,
Bangladesh,Asia,1952,37.5,46886859,BGD,50,684.0,
Bangladesh,Asia,1957,39.3,51365468,BGD,50,662.0,
Bangladesh,Asia,1962,41.2,56839289,BGD,50,686.0,
Bangladesh,Asia,1967,43.5,62821884,BGD,50,721.0,
Bangladesh,Asia,1972,45.3,70759295,BGD,50,630.0,
Bangladesh,Asia,1977,46.9,80428306,BGD,50,660.0,
Bangladesh,Asia,1982,50.0,93074406,BGD,50,677.0,
Bangladesh,Asia,1987,52.8,103764241,BGD,50,752.0,
Bangladesh,Asia,1992,56.0,113704579,BGD,50,838.0,
Bangladesh,Asia,1997,59.4,123315288,BGD,50,973.0,
Bangladesh,Asia,2002,62.0,135656790,BGD,50,1136.0,
Bangladesh,Asia,2007,64.1,150448339,BGD,50,1391.0,
Belgium,Europe,1952,68.0,8730405,BEL,56,8343.0,
Belgium,Europe,1957,69.2,8989111,BEL,56,9715.0,
Belgium,Europe,1962,70.2,9218400,BEL,56,10991.0,
Belgium,Europe,1967,70.9,9556500,BEL,56,13149.0,
Belgium,Europe,1972,71.4,9709100,BEL,56,16672.0,
Belgium,Europe,1977,72.8,9821800,BEL,56,19118.0,
Belgium,Europe,1982,73.9,9856303,BEL,56,20980.0,
Belgium,Europe,1987,75.4,9870200,BEL,56,22526.0,
Belgium,Europe,1992,76.5,10045622,BEL,56,25576.0,
Belgium,Europe,1997,77.5,10199787,BEL,56,27561.0,
Belgium,Europe,2002,78.3,10311970,BEL,56,30486.0,
Belgium,Europe,2007,79.4,10392226,BEL,56,33693.0,
Benin,Africa,1952,38.2,1738315,BEN,204,1063.0,
Benin,Africa,1957,40.4,1925173,BEN,204,960.0,
Benin,Africa,1962,42.6,2151895,BEN,204,949.0,
Benin,Africa,1967,44.9,2427334,BEN,204,1036.0,
Benin,Africa,1972,47.0,2761407,BEN,204,1086.0,
Benin,Africa,1977,49.2,3168267,BEN,204,1029.0,
Benin,Africa,1982,50.9,3641603,BEN,204,1278.0,
Benin,Africa,1987,52.3,4243788,BEN,204,1226.0,
Benin,Africa,1992,53.9,4981671,BEN,204,1191.0,
Benin,Africa,1997,54.8,6066080,BEN,204,1233.0,
Benin,Africa,2002,54.4,7026113,BEN,204,1373.0,
Benin,Africa,2007,56.7,8078314,BEN,204,1441.0,
Bolivia,Americas,1952,40.4,2883315,BOL,68,2677.0,
Bolivia,Americas,1957,41.9,3211738,BOL,68,2128.0,
Bolivia,Americas,1962,43.4,3593918,BOL,68,2181.0,
Bolivia,Americas,1967,45.0,4040665,BOL,68,2587.0,
Bolivia,Americas,1972,46.7,4565872,BOL,68,2980.0,
Bolivia,Americas,1977,50.0,5079716,BOL,68,3548.0,
Bolivia,Americas,1982,53.9,5642224,BOL,68,3157.0,
Bolivia,Americas,1987,57.3,6156369,BOL,68,2754.0,
Bolivia,Americas,1992,60.0,6893451,BOL,68,2962.0,
Bolivia,Americas,1997,62.0,7693188,BOL,68,3326.0,
Bolivia,Americas,2002,63.9,8445134,BOL,68,3413.0,
Bolivia,Americas,2007,65.6,9119152,BOL,68,3822.0,
Bosnia and Herzegovina,Europe,1952,53.8,2791000,BIH,70,974.0,
Bosnia and Herzegovina,Europe,1957,58.4,3076000,BIH,70,1354.0,
Bosnia and Herzegovina,Europe,1962,61.9,3349000,BIH,70,1710.0,
Bosnia and Herzegovina,Europe,1967,64.8,3585000,BIH,70,2172.0,
Bosnia and Herzegovina,Europe,1972,67.4,3819000,BIH,70,2860.0,
Bosnia and Herzegovina,Europe,1977,69.9,4086000,BIH,70,3528.0,
Bosnia and Herzegovina,Europe,1982,70.7,4172693,BIH,70,4127.0,
Bosnia and Herzegovina,Europe,1987,71.1,4338977,BIH,70,4314.0,
Bosnia and Herzegovina,Europe,1992,72.2,4256013,BIH,70,2547.0,
Bosnia and Herzegovina,Europe,1997,73.2,3607000,BIH,70,4766.0,
Bosnia and Herzegovina,Europe,2002,74.1,4165416,BIH,70,6019.0,
Bosnia and Herzegovina,Europe,2007,74.9,4552198,BIH,70,7446.0,
Botswana,Africa,1952,47.6,442308,BWA,72,851.0,
Botswana,Africa,1957,49.6,474639,BWA,72,918.0,
Botswana,Africa,1962,51.5,512764,BWA,72,984.0,
Botswana,Africa,1967,53.3,553541,BWA,72,1215.0,
Botswana,Africa,1972,56.0,619351,BWA,72,2264.0,
Botswana,Africa,1977,59.3,781472,BWA,72,3215.0,
Botswana,Africa,1982,61.5,970347,BWA,72,4551.0,
Botswana,Africa,1987,63.6,1151184,BWA,72,6206.0,
Botswana,Africa,1992,62.7,1342614,BWA,72,7954.0,
Botswana,Africa,1997,52.6,1536536,BWA,72,8647.0,
Botswana,Africa,2002,46.6,1630347,BWA,72,11004.0,
Botswana,Africa,2007,50.7,1639131,BWA,72,12570.0,
Brazil,Americas,1952,50.9,56602560,BRA,76,2109.0,
Brazil,Americas,1957,53.3,65551171,BRA,76,2487.0,
Brazil,Americas,1962,55.7,76039390,BRA,76,3337.0,
Brazil,Americas,1967,57.6,88049823,BRA,76,3430.0,
Brazil,Americas,1972,59.5,100840058,BRA,76,4986.0,
Brazil,Americas,1977,61.5,114313951,BRA,76,6660.0,
Brazil,Americas,1982,63.3,128962939,BRA,76,7031.0,
Brazil,Americas,1987,65.2,142938076,BRA,76,7807.0,
Brazil,Americas,1992,67.1,155975974,BRA,76,6950.0,
Brazil,Americas,1997,69.4,168546719,BRA,76,7958.0,
Brazil,Americas,2002,71.0,179914212,BRA,76,8131.0,
Brazil,Americas,2007,72.4,190010647,BRA,76,9066.0,
Bulgaria,Europe,1952,59.6,7274900,BGR,100,2444.0,
Bulgaria,Europe,1957,66.6,7651254,BGR,100,3009.0,
Bulgaria,Europe,1962,69.5,8012946,BGR,100,4254.0,
Bulgaria,Europe,1967,70.4,8310226,BGR,100,5577.0,
Bulgaria,Europe,1972,70.9,8576200,BGR,100,6597.0,
Bulgaria,Europe,1977,70.8,8797022,BGR,100,7612.0,
Bulgaria,Europe,1982,71.1,8892098,BGR,100,8224.0,
Bulgaria,Europe,1987,71.3,8971958,BGR,100,8240.0,
Bulgaria,Europe,1992,71.2,8658506,BGR,100,6303.0,
Bulgaria,Europe,1997,70.3,8066057,BGR,100,5970.0,
Bulgaria,Europe,2002,72.1,7661799,BGR,100,7697.0,
Bulgaria,Europe,2007,73.0,7322858,BGR,100,10681.0,
Burkina Faso,Africa,1952,32.0,4469979,BFA,854,543.0,
Burkina Faso,Africa,1957,34.9,4713416,BFA,854,617.0,
Burkina Faso,Africa,1962,37.8,4919632,BFA,854,723.0,
Burkina Faso,Africa,1967,40.7,5127935,BFA,854,795.0,
Burkina Faso,Africa,1972,43.6,5433886,BFA,854,855.0,
Burkina Faso,Africa,1977,46.1,5889574,BFA,854,743.0,
Burkina Faso,Africa,1982,48.1,6634596,BFA,854,807.0,
Burkina Faso,Africa,1987,49.6,7586551,BFA,854,912.0,
Burkina Faso,Africa,1992,50.3,8878303,BFA,854,932.0,
Burkina Faso,Africa,1997,50.3,10352843,BFA,854,946.0,
Burkina Faso,Africa,2002,50.6,12251209,BFA,854,1038.0,
Burkina Faso,Africa,2007,52.3,14326203,BFA,854,1217.0,
Burundi,Africa,1952,39.0,2445618,BDI,108,339.0,
Burundi,Africa,1957,40.5,2667518,BDI,108,380.0,
Burundi,Africa,1962,42.0,2961915,BDI,108,355.0,
Burundi,Africa,1967,43.5,3330989,BDI,108,413.0,
Burundi,Africa,1972,44.1,3529983,BDI,108,464.0,
Burundi,Africa,1977,45.9,3834415,BDI,108,556.0,
Burundi,Africa,1982,47.5,4580410,BDI,108,560.0,
Burundi,Africa,1987,48.2,5126023,BDI,108,622.0,
Burundi,Africa,1992,44.7,5809236,BDI,108,632.0,
Burundi,Africa,1997,45.3,6121610,BDI,108,463.0,
Burundi,Africa,2002,47.4,7021078,BDI,108,446.0,
Burundi,Africa,2007,49.6,8390505,BDI,108,430.0,
Cambodia,Asia,1952,39.4,4693836,KHM,116,368.0,
Cambodia,Asia,1957,41.4,5322536,KHM,116,434.0,
Cambodia,Asia,1962,43.4,6083619,KHM,116,497.0,
Cambodia,Asia,1967,45.4,6960067,KHM,116,523.0,
Cambodia,Asia,1972,40.3,7450606,KHM,116,422.0,
Cambodia,Asia,1977,31.2,6978607,KHM,116,525.0,
Cambodia,Asia,1982,51.0,7272485,KHM,116,624.0,
Cambodia,Asia,1987,53.9,8371791,KHM,116,684.0,
Cambodia,Asia,1992,55.8,10150094,KHM,116,682.0,
Cambodia,Asia,1997,56.5,11782962,KHM,116,734.0,
Cambodia,Asia,2002,56.8,12926707,KHM,116,896.0,
Cambodia,Asia,2007,59.7,14131858,KHM,116,1714.0,
Cameroon,Africa,1952,38.5,5009067,CMR,120,1173.0,
Cameroon,Africa,1957,40.4,5359923,CMR,120,1313.0,
Cameroon,Africa,1962,42.6,5793633,CMR,120,1400.0,
Cameroon,Africa,1967,44.8,6335506,CMR,120,1508.0,
Cameroon,Africa,1972,47.0,7021028,CMR,120,1684.0,
Cameroon,Africa,1977,49.4,7959865,CMR,120,1783.0,
Cameroon,Africa,1982,53.0,9250831,CMR,120,2368.0,
Cameroon,Africa,1987,55.0,10780667,CMR,120,2603.0,
Cameroon,Africa,1992,54.3,12467171,CMR,120,1793.0,
Cameroon,Africa,1997,52.2,14195809,CMR,120,1694.0,
Cameroon,Africa,2002,49.9,15929988,CMR,120,1934.0,
Cameroon,Africa,2007,50.4,17696293,CMR,120,2042.0,
Canada,Americas,1952,68.8,14785584,CAN,124,11367.0,G7
Canada,Americas,1957,70.0,17010154,CAN,124,12490.0,G7
Canada,Americas,1962,71.3,18985849,CAN,124,13462.0,G7
Canada,Americas,1967,72.1,20819767,CAN,124,16077.0,G7
Canada,Americas,1972,72.9,22284500,CAN,124,18971.0,G7
Canada,Americas,1977,74.2,23796400,CAN,124,22091.0,G7
Canada,Americas,1982,75.8,25201900,CAN,124,22899.0,G7
Canada,Americas,1987,76.9,26549700,CAN,124,26627.0,G7
Canada,Americas,1992,78.0,28523502,CAN,124,26343.0,G7
Canada,Americas,1997,78.6,30305843,CAN,124,28955.0,G7
Canada,Americas,2002,79.8,31902268,CAN,124,33329.0,G7
Canada,Americas,2007,80.7,33390141,CAN,124,36319.0,G7
Central African Republic,Africa,1952,35.5,1291695,CAF,140,1071.0,
Central African Republic,Africa,1957,37.5,1392284,CAF,140,1191.0,
Central African Republic,Africa,1962,39.5,1523478,CAF,140,1193.0,
Central African Republic,Africa,1967,41.5,1733638,CAF,140,1136.0,
Central African Republic,Africa,1972,43.5,1927260,CAF,140,1070.0,
Central African Republic,Africa,1977,46.8,2167533,CAF,140,1109.0,
Central African Republic,Africa,1982,48.3,2476971,CAF,140,957.0,
Central African Republic,Africa,1987,50.5,2840009,CAF,140,845.0,
Central African Republic,Africa,1992,49.4,3265124,CAF,140,748.0,
Central African Republic,Africa,1997,46.1,3696513,CAF,140,741.0,
Central African Republic,Africa,2002,43.3,4048013,CAF,140,739.0,
Central African Republic,Africa,2007,44.7,4369038,CAF,140,706.0,
Chad,Africa,1952,38.1,2682462,TCD,148,1179.0,
Chad,Africa,1957,39.9,2894855,TCD,148,1308.0,
Chad,Africa,1962,41.7,3150417,TCD,148,1390.0,
Chad,Africa,1967,43.6,3495967,TCD,148,1197.0,
Chad,Africa,1972,45.6,3899068,TCD,148,1104.0,
Chad,Africa,1977,47.4,4388260,TCD,148,1134.0,
Chad,Africa,1982,49.5,4875118,TCD,148,798.0,
Chad,Africa,1987,51.1,5498955,TCD,148,952.0,
Chad,Africa,1992,51.7,6429417,TCD,148,1058.0,
Chad,Africa,1997,51.6,7562011,TCD,148,1005.0,
Chad,Africa,2002,50.5,8835739,TCD,148,1156.0,
Chad,Africa,2007,50.7,10238807,TCD,148,1704.0,
Chile,Americas,1952,54.7,6377619,CHL,152,3940.0,
Chile,Americas,1957,56.1,7048426,CHL,152,4316.0,
Chile,Americas,1962,57.9,7961258,CHL,152,4519.0,
Chile,Americas,1967,60.5,8858908,CHL,152,5107.0,
Chile,Americas,1972,63.4,9717524,CHL,152,5494.0,
Chile,Americas,1977,67.1,10599793,CHL,152,4757.0,
Chile,Americas,1982,70.6,11487112,CHL,152,5096.0,
Chile,Americas,1987,72.5,12463354,CHL,152,5547.0,
Chile,Americas,1992,74.1,13572994,CHL,152,7596.0,
Chile,Americas,1997,75.8,14599929,CHL,152,10118.0,
Chile,Americas,2002,77.9,15497046,CHL,152,10779.0,
Chile,Americas,2007,78.6,16284741,CHL,152,13172.0,
China,Asia,1952,44.0,556263527,CHN,156,400.0,
China,Asia,1957,50.5,637408000,CHN,156,576.0,
China,Asia,1962,44.5,665770000,CHN,156,488.0,
China,Asia,1967,58.4,754550000,CHN,156,613.0,
China,Asia,1972,63.1,862030000,CHN,156,677.0,
China,Asia,1977,64.0,943455000,CHN,156,741.0,
China,Asia,1982,65.5,1000281000,CHN,156,962.0,
China,Asia,1987,67.3,1084035000,CHN,156,1379.0,
China,Asia,1992,68.7,1164970000,CHN,156,1656.0,
China,Asia,1997,70.4,1230075000,CHN,156,2289.0,
China,Asia,2002,72.0,1280400000,CHN,156,3119.0,
China,Asia,2007,73.0,1318683096,CHN,156,4959.0,
Colombia,Americas,1952,50.6,12350771,COL,170,2144.0,
Colombia,Americas,1957,55.1,14485993,COL,170,2324.0,
Colombia,Americas,1962,57.9,17009885,COL,170,2492.0,
Colombia,Americas,1967,60.0,19764027,COL,170,2679.0,
Colombia,Americas,1972,61.6,22542890,COL,170,3265.0,
Colombia,Americas,1977,63.8,25094412,COL,170,3816.0,
Colombia,Americas,1982,66.7,27764644,COL,170,4398.0,
Colombia,Americas,1987,67.8,30964245,COL,170,4903.0,
Colombia,Americas,1992,68.4,34202721,COL,170,5445.0,
Colombia,Americas,1997,70.3,37657830,COL,170,6117.0,
Colombia,Americas,2002,71.7,41008227,COL,170,5755.0,
Colombia,Americas,2007,72.9,44227550,COL,170,7007.0,
Comoros,Africa,1952,40.7,153936,COM,174,1103.0,
Comoros,Africa,1957,42.5,170928,COM,174,1211.0,
Comoros,Africa,1962,44.5,191689,COM,174,1407.0,
Comoros,Africa,1967,46.5,217378,COM,174,1876.0,
Comoros,Africa,1972,48.9,250027,COM,174,1938.0,
Comoros,Africa,1977,50.9,304739,COM,174,1173.0,
Comoros,Africa,1982,52.9,348643,COM,174,1267.0,
Comoros,Africa,1987,54.9,395114,COM,174,1316.0,
Comoros,Africa,1992,57.9,454429,COM,174,1247.0,
Comoros,Africa,1997,60.7,527982,COM,174,1174.0,
Comoros,Africa,2002,63.0,614382,COM,174,1076.0,
Comoros,Africa,2007,65.2,710960,COM,174,986.0,
"Congo, Dem. Rep.",Africa,1952,39.1,14100005,COD,180,781.0,
"Congo, Dem. Rep.",Africa,1957,40.7,15577932,COD,180,906.0,
"Congo, Dem. Rep.",Africa,1962,42.1,17486434,COD,180,896.0,
"Congo, Dem. Rep.",Africa,1967,44.1,19941073,COD,180,862.0,
"Congo, Dem. Rep.",Africa,1972,46.0,23007669,COD,180,905.0,
"Congo, Dem. Rep.",Africa,1977,47.8,26480870,COD,180,796.0,
"Congo, Dem. Rep.",Africa,1982,47.8,30646495,COD,180,674.0,
"Congo, Dem. Rep.",Africa,1987,47.4,35481645,COD,180,673.0,
"Congo, Dem. Rep.",Africa,1992,45.5,41672143,COD,180,458.0,
"Congo, Dem. Rep.",Africa,1997,42.6,47798986,COD,180,312.0,
"Congo, Dem. Rep.",Africa,2002,45.0,55379852,COD,180,241.0,
"Congo, Dem. Rep.",Africa,2007,46.5,64606759,COD,180,278.0,
"Congo, Rep.",Africa,1952,42.1,854885,COG,178,2126.0,
"Congo, Rep.",Africa,1957,45.1,940458,COG,178,2315.0,
"Congo, Rep.",Africa,1962,48.4,1047924,COG,178,2465.0,
"Congo, Rep.",Africa,1967,52.0,1179760,COG,178,2678.0,
"Congo, Rep.",Africa,1972,54.9,1340458,COG,178,3213.0,
"Congo, Rep.",Africa,1977,55.6,1536769,COG,178,3259.0,
"Congo, Rep.",Africa,1982,56.7,1774735,COG,178,4880.0,
"Congo, Rep.",Africa,1987,57.5,2064095,COG,178,4201.0,
"Congo, Rep.",Africa,1992,56.4,2409073,COG,178,4016.0,
"Congo, Rep.",Africa,1997,53.0,2800947,COG,178,3484.0,
"Congo, Rep.",Africa,2002,53.0,3328795,COG,178,3484.0,
"Congo, Rep.",Africa,2007,55.3,3800610,COG,178,3633.0,
Costa Rica,Americas,1952,57.2,926317,CRI,188,2627.0,
Costa Rica,Americas,1957,60.0,1112300,CRI,188,2990.0,
Costa Rica,Americas,1962,62.8,1345187,CRI,188,3461.0,
Costa Rica,Americas,1967,65.4,1588717,CRI,188,4162.0,
Costa Rica,Americas,1972,67.8,1834796,CRI,188,5118.0,
Costa Rica,Americas,1977,70.8,2108457,CRI,188,5927.0,
Costa Rica,Americas,1982,73.4,2424367,CRI,188,5263.0,
Costa Rica,Americas,1987,74.8,2799811,CRI,188,5630.0,
Costa Rica,Americas,1992,75.7,3173216,CRI,188,6160.0,
Costa Rica,Americas,1997,77.3,3518107,CRI,188,6677.0,
Costa Rica,Americas,2002,78.1,3834934,CRI,188,7723.0,
Costa Rica,Americas,2007,78.8,4133884,CRI,188,9645.0,
Cote d'Ivoire,Africa,1952,40.5,2977019,CIV,384,1389.0,
Cote d'Ivoire,Africa,1957,42.5,3300000,CIV,384,1501.0,
Cote d'Ivoire,Africa,1962,44.9,3832408,CIV,384,1729.0,
Cote d'Ivoire,Africa,1967,47.4,4744870,CIV,384,2052.0,
Cote d'Ivoire,Africa,1972,49.8,6071696,CIV,384,2378.0,
Cote d'Ivoire,Africa,1977,52.4,7459574,CIV,384,2518.0,
Cote d'Ivoire,Africa,1982,54.0,9025951,CIV,384,2603.0,
Cote d'Ivoire,Africa,1987,54.7,10761098,CIV,384,2157.0,
Cote d'Ivoire,Africa,1992,52.0,12772596,CIV,384,1648.0,
Cote d'Ivoire,Africa,1997,48.0,14625967,CIV,384,1786.0,
Cote d'Ivoire,Africa,2002,46.8,16252726,CIV,384,1649.0,
Cote d'Ivoire,Africa,2007,48.3,18013409,CIV,384,1545.0,
Croatia,Europe,1952,61.2,3882229,HRV,191,3119.0,
Croatia,Europe,1957,64.8,3991242,HRV,191,4338.0,
Croatia,Europe,1962,67.1,4076557,HRV,191,5478.0,
Croatia,Europe,1967,68.5,4174366,HRV,191,6960.0,
Croatia,Europe,1972,69.6,4225310,HRV,191,9164.0,
Croatia,Europe,1977,70.6,4318673,HRV,191,11305.0,
Croatia,Europe,1982,70.5,4413368,HRV,191,13222.0,
Croatia,Europe,1987,71.5,4484310,HRV,191,13823.0,
Croatia,Europe,1992,72.5,4494013,HRV,191,8448.0,
Croatia,Europe,1997,73.7,4444595,HRV,191,9876.0,
Croatia,Europe,2002,74.9,4481020,HRV,191,11628.0,
Croatia,Europe,2007,75.7,4493312,HRV,191,14619.0,
Cuba,Americas,1952,59.4,6007797,CUB,192,5587.0,
Cuba,Americas,1957,62.3,6640752,CUB,192,6092.0,
Cuba,Americas,1962,65.2,7254373,CUB,192,5181.0,
Cuba,Americas,1967,68.3,8139332,CUB,192,5690.0,
Cuba,Americas,1972,70.7,8831348,CUB,192,5305.0,
Cuba,Americas,1977,72.6,9537988,CUB,192,6380.0,
Cuba,Americas,1982,73.7,9789224,CUB,192,7317.0,
Cuba,Americas,1987,74.2,10239839,CUB,192,7533.0,
Cuba,Americas,1992,74.4,10723260,CUB,192,5593.0,
Cuba,Americas,1997,76.2,10983007,CUB,192,5432.0,
Cuba,Americas,2002,77.2,11226999,CUB,192,6341.0,
Cuba,Americas,2007,78.3,11416987,CUB,192,8948.0,
Czech Republic,Europe,1952,66.9,9125183,CZE,203,6876.0,
Czech Republic,Europe,1957,69.0,9513758,CZE,203,8256.0,
Czech Republic,Europe,1962,69.9,9620282,CZE,203,10137.0,
Czech Republic,Europe,1967,70.4,9835109,CZE,203,11399.0,
Czech Republic,Europe,1972,70.3,9862158,CZE,203,13108.0,
Czech Republic,Europe,1977,70.7,10161915,CZE,203,14800.0,
Czech Republic,Europe,1982,71.0,10303704,CZE,203,15377.0,
Czech Republic,Europe,1987,71.6,10311597,CZE,203,16310.0,
Czech Republic,Europe,1992,72.4,10315702,CZE,203,14297.0,
Czech Republic,Europe,1997,74.0,10300707,CZE,203,16049.0,
Czech Republic,Europe,2002,75.5,10256295,CZE,203,17596.0,
Czech Republic,Europe,2007,76.5,10228744,CZE,203,22833.0,
Denmark,Europe,1952,70.8,4334000,DNK,208,9692.0,
Denmark,Europe,1957,71.8,4487831,DNK,208,11100.0,
Denmark,Europe,1962,72.4,4646899,DNK,208,13583.0,
Denmark,Europe,1967,73.0,4838800,DNK,208,15937.0,
Denmark,Europe,1972,73.5,4991596,DNK,208,18866.0,
Denmark,Europe,1977,74.7,5088419,DNK,208,20423.0,
Denmark,Europe,1982,74.6,5117810,DNK,208,21688.0,
Denmark,Europe,1987,74.8,5127024,DNK,208,25116.0,
Denmark,Europe,1992,75.3,5171393,DNK,208,26407.0,
Denmark,Europe,1997,76.1,5283663,DNK,208,29804.0,
Denmark,Europe,2002,77.2,5374693,DNK,208,32167.0,
Denmark,Europe,2007,78.3,5468120,DNK,208,35278.0,
Djibouti,Africa,1952,34.8,63149,DJI,262,2670.0,
Djibouti,Africa,1957,37.3,71851,DJI,262,2865.0,
Djibouti,Africa,1962,39.7,89898,DJI,262,3021.0,
Djibouti,Africa,1967,42.1,127617,DJI,262,3020.0,
Djibouti,Africa,1972,44.4,178848,DJI,262,3694.0,
Djibouti,Africa,1977,46.5,228694,DJI,262,3082.0,
Djibouti,Africa,1982,48.8,305991,DJI,262,2879.0,
Djibouti,Africa,1987,50.0,311025,DJI,262,2880.0,
Djibouti,Africa,1992,51.6,384156,DJI,262,2377.0,
Djibouti,Africa,1997,53.2,417908,DJI,262,1895.0,
Djibouti,Africa,2002,53.4,447416,DJI,262,1908.0,
Djibouti,Africa,2007,54.8,496374,DJI,262,2082.0,
Dominican Republic,Americas,1952,45.9,2491346,DOM,214,1398.0,
Dominican Republic,Americas,1957,49.8,2923186,DOM,214,1544.0,
Dominican Republic,Americas,1962,53.5,3453434,DOM,214,1662.0,
Dominican Republic,Americas,1967,56.8,4049146,DOM,214,1654.0,
Dominican Republic,Americas,1972,59.6,4671329,DOM,214,2190.0,
Dominican Republic,Americas,1977,61.8,5302800,DOM,214,2682.0,
Dominican Republic,Americas,1982,63.7,5968349,DOM,214,2861.0,
Dominican Republic,Americas,1987,66.0,6655297,DOM,214,2900.0,
Dominican Republic,Americas,1992,68.5,7351181,DOM,214,3044.0,
Dominican Republic,Americas,1997,70.0,7992357,DOM,214,3614.0,
Dominican Republic,Americas,2002,70.8,8650322,DOM,214,4564.0,
Dominican Republic,Americas,2007,72.2,9319622,DOM,214,6025.0,
Ecuador,Americas,1952,48.4,3548753,ECU,218,3522.0,
Ecuador,Americas,1957,51.4,4058385,ECU,218,3781.0,
Ecuador,Americas,1962,54.6,4681707,ECU,218,4086.0,
Ecuador,Americas,1967,56.7,5432424,ECU,218,4579.0,
Ecuador,Americas,1972,58.8,6298651,ECU,218,5281.0,
Ecuador,Americas,1977,61.3,7278866,ECU,218,6680.0,
Ecuador,Americas,1982,64.3,8365850,ECU,218,7214.0,
Ecuador,Americas,1987,67.2,9545158,ECU,218,6482.0,
Ecuador,Americas,1992,69.6,10748394,ECU,218,7104.0,
Ecuador,Americas,1997,72.3,11911819,ECU,218,7429.0,
Ecuador,Americas,2002,74.2,12921234,ECU,218,5773.0,
Ecuador,Americas,2007,75.0,13755680,ECU,218,6873.0,
Egypt,Africa,1952,41.9,22223309,EGY,818,1419.0,
Egypt,Africa,1957,44.4,25009741,EGY,818,1459.0,
Egypt,Africa,1962,47.0,28173309,EGY,818,1693.0,
Egypt,Africa,1967,49.3,31681188,EGY,818,1815.0,
Egypt,Africa,1972,51.1,34807417,EGY,818,2024.0,
Egypt,Africa,1977,53.3,38783863,EGY,818,2785.0,
Egypt,Africa,1982,56.0,45681811,EGY,818,3504.0,
Egypt,Africa,1987,59.8,52799062,EGY,818,3885.0,
Egypt,Africa,1992,63.7,59402198,EGY,818,3795.0,
Egypt,Africa,1997,67.2,66134291,EGY,818,4173.0,
Egypt,Africa,2002,69.8,73312559,EGY,818,4755.0,
Egypt,Africa,2007,71.3,80264543,EGY,818,5581.0,
El Salvador,Americas,1952,45.3,2042865,SLV,222,3048.0,
El Salvador,Americas,1957,48.6,2355805,SLV,222,3422.0,
El Salvador,Americas,1962,52.3,2747687,SLV,222,3777.0,
El Salvador,Americas,1967,55.9,3232927,SLV,222,4359.0,
El Salvador,Americas,1972,58.2,3790903,SLV,222,4520.0,
El Salvador,Americas,1977,56.7,4282586,SLV,222,5139.0,
El Salvador,Americas,1982,56.6,4474873,SLV,222,4098.0,
El Salvador,Americas,1987,63.2,4842194,SLV,222,4140.0,
El Salvador,Americas,1992,66.8,5274649,SLV,222,4444.0,
El Salvador,Americas,1997,69.5,5783439,SLV,222,5155.0,
El Salvador,Americas,2002,70.7,6353681,SLV,222,5352.0,
El Salvador,Americas,2007,71.9,6939688,SLV,222,5728.0,
Equatorial Guinea,Africa,1952,34.5,216964,GNQ,226,376.0,
Equatorial Guinea,Africa,1957,36.0,232922,GNQ,226,426.0,
Equatorial Guinea,Africa,1962,37.5,249220,GNQ,226,583.0,
Equatorial Guinea,Africa,1967,39.0,259864,GNQ,226,916.0,
Equatorial Guinea,Africa,1972,40.5,277603,GNQ,226,672.0,
Equatorial Guinea,Africa,1977,42.0,192675,GNQ,226,959.0,
Equatorial Guinea,Africa,1982,43.7,285483,GNQ,226,928.0,
Equatorial Guinea,Africa,1987,45.7,341244,GNQ,226,967.0,
Equatorial Guinea,Africa,1992,47.5,387838,GNQ,226,1132.0,
Equatorial Guinea,Africa,1997,48.2,439971,GNQ,226,2814.0,
Equatorial Guinea,Africa,2002,49.3,495627,GNQ,226,7703.0,
Equatorial Guinea,Africa,2007,51.6,551201,GNQ,226,12154.0,
Eritrea,Africa,1952,35.9,1438760,ERI,232,329.0,
Eritrea,Africa,1957,38.0,1542611,ERI,232,344.0,
Eritrea,Africa,1962,40.2,1666618,ERI,232,381.0,
Eritrea,Africa,1967,42.2,1820319,ERI,232,469.0,
Eritrea,Africa,1972,44.1,2260187,ERI,232,514.0,
Eritrea,Africa,1977,44.5,2512642,ERI,232,506.0,
Eritrea,Africa,1982,43.9,2637297,ERI,232,525.0,
Eritrea,Africa,1987,46.5,2915959,ERI,232,521.0,
Eritrea,Africa,1992,50.0,3668440,ERI,232,583.0,
Eritrea,Africa,1997,53.4,4058319,ERI,232,913.0,
Eritrea,Africa,2002,55.2,4414865,ERI,232,765.0,
Eritrea,Africa,2007,58.0,4906585,ERI,232,641.0,
Ethiopia,Africa,1952,34.1,20860941,ETH,231,362.0,
Ethiopia,Africa,1957,36.7,22815614,ETH,231,379.0,
Ethiopia,Africa,1962,40.1,25145372,ETH,231,419.0,
Ethiopia,Africa,1967,42.1,27860297,ETH,231,516.0,
Ethiopia,Africa,1972,43.5,30770372,ETH,231,566.0,
Ethiopia,Africa,1977,44.5,34617799,ETH,231,557.0,
Ethiopia,Africa,1982,44.9,38111756,ETH,231,578.0,
Ethiopia,Africa,1987,46.7,42999530,ETH,231,574.0,
Ethiopia,Africa,1992,48.1,52088559,ETH,231,421.0,
Ethiopia,Africa,1997,49.4,59861301,ETH,231,516.0,
Ethiopia,Africa,2002,50.7,67946797,ETH,231,530.0,
Ethiopia,Africa,2007,52.9,76511887,ETH,231,691.0,
Finland,Europe,1952,66.6,4090500,FIN,246,6425.0,
Finland,Europe,1957,67.5,4324000,FIN,246,7545.0,
Finland,Europe,1962,68.8,4491443,FIN,246,9372.0,
Finland,Europe,1967,69.8,4605744,FIN,246,10922.0,
Finland,Europe,1972,70.9,4639657,FIN,246,14359.0,
Finland,Europe,1977,72.5,4738902,FIN,246,15605.0,
Finland,Europe,1982,74.6,4826933,FIN,246,18533.0,
Finland,Europe,1987,74.8,4931729,FIN,246,21141.0,
Finland,Europe,1992,75.7,5041039,FIN,246,20647.0,
Finland,Europe,1997,77.1,5134406,FIN,246,23724.0,
Finland,Europe,2002,78.4,5193039,FIN,246,28205.0,
Finland,Europe,2007,79.3,5238460,FIN,246,33207.0,
France,Europe,1952,67.4,42459667,FRA,250,7030.0,G7
France,Europe,1957,68.9,44310863,FRA,250,8663.0,G7
France,Europe,1962,70.5,47124000,FRA,250,10560.0,G7
France,Europe,1967,71.6,49569000,FRA,250,13000.0,G7
France,Europe,1972,72.4,51732000,FRA,250,16107.0,G7
France,Europe,1977,73.8,53165019,FRA,250,18293.0,G7
France,Europe,1982,74.9,54433565,FRA,250,20294.0,G7
France,Europe,1987,76.3,55630100,FRA,250,22066.0,G7
France,Europe,1992,77.5,57374179,FRA,250,24704.0,G7
France,Europe,1997,78.6,58623428,FRA,250,25890.0,G7
France,Europe,2002,79.6,59925035,FRA,250,28926.0,G7
France,Europe,2007,80.7,61083916,FRA,250,30470.0,G7
Gabon,Africa,1952,37.0,420702,GAB,266,4293.0,
Gabon,Africa,1957,39.0,434904,GAB,266,4976.0,
Gabon,Africa,1962,40.5,455661,GAB,266,6631.0,
Gabon,Africa,1967,44.6,489004,GAB,266,8359.0,
Gabon,Africa,1972,48.7,537977,GAB,266,11402.0,
Gabon,Africa,1977,52.8,706367,GAB,266,21746.0,
Gabon,Africa,1982,56.6,753874,GAB,266,15113.0,
Gabon,Africa,1987,60.2,880397,GAB,266,11864.0,
Gabon,Africa,1992,61.4,985739,GAB,266,13522.0,
Gabon,Africa,1997,60.5,1126189,GAB,266,14723.0,
Gabon,Africa,2002,56.8,1299304,GAB,266,12522.0,
Gabon,Africa,2007,56.7,1454867,GAB,266,13206.0,
Gambia,Africa,1952,30.0,284320,GMB,270,485.0,
Gambia,Africa,1957,32.1,323150,GMB,270,521.0,
Gambia,Africa,1962,33.9,374020,GMB,270,600.0,
Gambia,Africa,1967,35.9,439593,GMB,270,735.0,
Gambia,Africa,1972,38.3,517101,GMB,270,756.0,
Gambia,Africa,1977,41.8,608274,GMB,270,885.0,
Gambia,Africa,1982,45.6,715523,GMB,270,836.0,
Gambia,Africa,1987,49.3,848406,GMB,270,612.0,
Gambia,Africa,1992,52.6,1025384,GMB,270,666.0,
Gambia,Africa,1997,55.9,1235767,GMB,270,654.0,
Gambia,Africa,2002,58.0,1457766,GMB,270,661.0,
Gambia,Africa,2007,59.4,1688359,GMB,270,753.0,
Germany,Europe,1952,67.5,69145952,DEU,276,7144.0,G7
Germany,Europe,1957,69.1,71019069,DEU,276,10188.0,G7
Germany,Europe,1962,70.3,73739117,DEU,276,12902.0,G7
Germany,Europe,1967,70.8,76368453,DEU,276,14746.0,G7
Germany,Europe,1972,71.0,78717088,DEU,276,18016.0,G7
Germany,Europe,1977,72.5,78160773,DEU,276,20513.0,G7
Germany,Europe,1982,73.8,78335266,DEU,276,22032.0,G7
Germany,Europe,1987,74.8,77718298,DEU,276,24639.0,G7
Germany,Europe,1992,76.1,80597764,DEU,276,26505.0,G7
Germany,Europe,1997,77.3,82011073,DEU,276,27789.0,G7
Germany,Europe,2002,78.7,82350671,DEU,276,30036.0,G7
Germany,Europe,2007,79.4,82400996,DEU,276,32170.0,G7
Ghana,Africa,1952,43.1,5581001,GHA,288,911.0,
Ghana,Africa,1957,44.8,6391288,GHA,288,1044.0,
Ghana,Africa,1962,46.5,7355248,GHA,288,1190.0,
Ghana,Africa,1967,48.1,8490213,GHA,288,1126.0,
Ghana,Africa,1972,49.9,9354120,GHA,288,1178.0,
Ghana,Africa,1977,51.8,10538093,GHA,288,993.0,
Ghana,Africa,1982,53.7,11400338,GHA,288,876.0,
Ghana,Africa,1987,55.7,14168101,GHA,288,847.0,
Ghana,Africa,1992,57.5,16278738,GHA,288,925.0,
Ghana,Africa,1997,58.6,18418288,GHA,288,1005.0,
Ghana,Africa,2002,58.5,20550751,GHA,288,1112.0,
Ghana,Africa,2007,60.0,22873338,GHA,288,1328.0,
Greece,Europe,1952,65.9,7733250,GRC,300,3531.0,
Greece,Europe,1957,67.9,8096218,GRC,300,4916.0,
Greece,Europe,1962,69.5,8448233,GRC,300,6017.0,
Greece,Europe,1967,71.0,8716441,GRC,300,8513.0,
Greece,Europe,1972,72.3,8888628,GRC,300,12725.0,
Greece,Europe,1977,73.7,9308479,GRC,300,14196.0,
Greece,Europe,1982,75.2,9786480,GRC,300,15268.0,
Greece,Europe,1987,76.7,9974490,GRC,300,16121.0,
Greece,Europe,1992,77.0,10325429,GRC,300,17541.0,
Greece,Europe,1997,77.9,10502372,GRC,300,18748.0,
Greece,Europe,2002,78.3,10603863,GRC,300,22514.0,
Greece,Europe,2007,79.5,10706290,GRC,300,27538.0,
Guatemala,Americas,1952,42.0,3146381,GTM,320,2428.0,
Guatemala,Americas,1957,44.1,3640876,GTM,320,2617.0,
Guatemala,Americas,1962,47.0,4208858,GTM,320,2750.0,
Guatemala,Americas,1967,50.0,4690773,GTM,320,3243.0,
Guatemala,Americas,1972,53.7,5149581,GTM,320,4031.0,
Guatemala,Americas,1977,56.0,5703430,GTM,320,4880.0,
Guatemala,Americas,1982,58.1,6395630,GTM,320,4820.0,
Guatemala,Americas,1987,60.8,7326406,GTM,320,4246.0,
Guatemala,Americas,1992,63.4,8486949,GTM,320,4439.0,
Guatemala,Americas,1997,66.3,9803875,GTM,320,4684.0,
Guatemala,Americas,2002,69.0,11178650,GTM,320,4858.0,
Guatemala,Americas,2007,70.3,12572928,GTM,320,5186.0,
Guinea,Africa,1952,33.6,2664249,GIN,324,510.0,
Guinea,Africa,1957,34.6,2876726,GIN,324,576.0,
Guinea,Africa,1962,35.8,3140003,GIN,324,686.0,
Guinea,Africa,1967,37.2,3451418,GIN,324,709.0,
Guinea,Africa,1972,38.8,3811387,GIN,324,742.0,
Guinea,Africa,1977,40.8,4227026,GIN,324,875.0,
Guinea,Africa,1982,42.9,4710497,GIN,324,857.0,
Guinea,Africa,1987,45.6,5650262,GIN,324,806.0,
Guinea,Africa,1992,48.6,6990574,GIN,324,794.0,
Guinea,Africa,1997,51.5,8048834,GIN,324,869.0,
Guinea,Africa,2002,53.7,8807818,GIN,324,946.0,
Guinea,Africa,2007,56.0,9947814,GIN,324,943.0,
Guinea-Bissau,Africa,1952,32.5,580653,GNB,624,300.0,
Guinea-Bissau,Africa,1957,33.5,601095,GNB,624,432.0,
Guinea-Bissau,Africa,1962,34.5,627820,GNB,624,522.0,
Guinea-Bissau,Africa,1967,35.5,601287,GNB,624,716.0,
Guinea-Bissau,Africa,1972,36.5,625361,GNB,624,820.0,
Guinea-Bissau,Africa,1977,37.5,745228,GNB,624,765.0,
Guinea-Bissau,Africa,1982,39.3,825987,GNB,624,838.0,
Guinea-Bissau,Africa,1987,41.2,927524,GNB,624,736.0,
Guinea-Bissau,Africa,1992,43.3,1050938,GNB,624,746.0,
Guinea-Bissau,Africa,1997,44.9,1193708,GNB,624,797.0,
Guinea-Bissau,Africa,2002,45.5,1332459,GNB,624,576.0,
Guinea-Bissau,Africa,2007,46.4,1472041,GNB,624,579.0,
Haiti,Americas,1952,37.6,3201488,HTI,332,1840.0,
Haiti,Americas,1957,40.7,3507701,HTI,332,1727.0,
Haiti,Americas,1962,43.6,3880130,HTI,332,1797.0,
Haiti,Americas,1967,46.2,4318137,HTI,332,1452.0,
Haiti,Americas,1972,48.0,4698301,HTI,332,1654.0,
Haiti,Americas,1977,49.9,4908554,HTI,332,1874.0,
Haiti,Americas,1982,51.5,5198399,HTI,332,2011.0,
Haiti,Americas,1987,53.6,5756203,HTI,332,1823.0,
Haiti,Americas,1992,55.1,6326682,HTI,332,1456.0,
Haiti,Americas,1997,56.7,6913545,HTI,332,1342.0,
Haiti,Americas,2002,58.1,7607651,HTI,332,1270.0,
Haiti,Americas,2007,60.9,8502814,HTI,332,1202.0,
Honduras,Americas,1952,41.9,1517453,HND,340,2195.0,
Honduras,Americas,1957,44.7,1770390,HND,340,2220.0,
Honduras,Americas,1962,48.0,2090162,HND,340,2291.0,
Honduras,Americas,1967,50.9,2500689,HND,340,2538.0,
Honduras,Americas,1972,53.9,2965146,HND,340,2530.0,
Honduras,Americas,1977,57.4,3055235,HND,340,3203.0,
Honduras,Americas,1982,60.9,3669448,HND,340,3122.0,
Honduras,Americas,1987,64.5,4372203,HND,340,3023.0,
Honduras,Americas,1992,66.4,5077347,HND,340,3082.0,
Honduras,Americas,1997,67.7,5867957,HND,340,3160.0,
Honduras,Americas,2002,68.6,6677328,HND,340,3100.0,
Honduras,Americas,2007,70.2,7483763,HND,340,3548.0,
"Hong Kong, China",Asia,1952,61.0,2125900,HKG,344,3054.0,
"Hong Kong, China",Asia,1957,64.8,2736300,HKG,344,3629.0,
"Hong Kong, China",Asia,1962,67.6,3305200,HKG,344,4693.0,
"Hong Kong, China",Asia,1967,70.0,3722800,HKG,344,6198.0,
"Hong Kong, China",Asia,1972,72.0,4115700,HKG,344,8316.0,
"Hong Kong, China",Asia,1977,73.6,4583700,HKG,344,11186.0,
"Hong Kong, China",Asia,1982,75.4,5264500,HKG,344,14561.0,
"Hong Kong, China",Asia,1987,76.2,5584510,HKG,344,20038.0,
"Hong Kong, China",Asia,1992,77.6,5829696,HKG,344,24758.0,
"Hong Kong, China",Asia,1997,80.0,6495918,HKG,344,28378.0,
"Hong Kong, China",Asia,2002,81.5,6762476,HKG,344,30209.0,
"Hong Kong, China",Asia,2007,82.2,6980412,HKG,344,39725.0,
Hungary,Europe,1952,64.0,9504000,HUN,348,5264.0,
Hungary,Europe,1957,66.4,9839000,HUN,348,6040.0,
Hungary,Europe,1962,68.0,10063000,HUN,348,7550.0,
Hungary,Europe,1967,69.5,10223422,HUN,348,9327.0,
Hungary,Europe,1972,69.8,10394091,HUN,348,10169.0,
Hungary,Europe,1977,70.0,10637171,HUN,348,11675.0,
Hungary,Europe,1982,69.4,10705535,HUN,348,12546.0,
Hungary,Europe,1987,69.6,10612740,HUN,348,12986.0,
Hungary,Europe,1992,69.2,10348684,HUN,348,10536.0,
Hungary,Europe,1997,71.0,10244684,HUN,348,11713.0,
Hungary,Europe,2002,72.6,10083313,HUN,348,14844.0,
Hungary,Europe,2007,73.3,9956108,HUN,348,18009.0,
Iceland,Europe,1952,72.5,147962,ISL,352,7268.0,
Iceland,Europe,1957,73.5,165110,ISL,352,9244.0,
Iceland,Europe,1962,73.7,182053,ISL,352,10350.0,
Iceland,Europe,1967,73.7,198676,ISL,352,13320.0,
Iceland,Europe,1972,74.5,209275,ISL,352,15798.0,
Iceland,Europe,1977,76.1,221823,ISL,352,19655.0,
Iceland,Europe,1982,77.0,233997,ISL,352,23270.0,
Iceland,Europe,1987,77.2,244676,ISL,352,26923.0,
Iceland,Europe,1992,78.8,259012,ISL,352,25144.0,
Iceland,Europe,1997,79.0,271192,ISL,352,28061.0,
Iceland,Europe,2002,80.5,288030,ISL,352,31163.0,
Iceland,Europe,2007,81.8,301931,ISL,352,36181.0,
India,Asia,1952,37.4,372000000,IND,356,547.0,
India,Asia,1957,40.2,409000000,IND,356,590.0,
India,Asia,1962,43.6,454000000,IND,356,658.0,
India,Asia,1967,47.2,506000000,IND,356,701.0,
India,Asia,1972,50.7,567000000,IND,356,724.0,
India,Asia,1977,54.2,634000000,IND,356,813.0,
India,Asia,1982,56.6,708000000,IND,356,856.0,
India,Asia,1987,58.6,788000000,IND,356,977.0,
India,Asia,1992,60.2,872000000,IND,356,1164.0,
India,Asia,1997,61.8,959000000,IND,356,1459.0,
India,Asia,2002,62.9,1034172547,IND,356,1747.0,
India,Asia,2007,64.7,1110396331,IND,356,2452.0,
Indonesia,Asia,1952,37.5,82052000,IDN,360,750.0,
Indonesia,Asia,1957,39.9,90124000,IDN,360,859.0,
Indonesia,Asia,1962,42.5,99028000,IDN,360,849.0,
Indonesia,Asia,1967,46.0,109343000,IDN,360,762.0,
Indonesia,Asia,1972,49.2,121282000,IDN,360,1111.0,
Indonesia,Asia,1977,52.7,136725000,IDN,360,1383.0,
Indonesia,Asia,1982,56.2,153343000,IDN,360,1517.0,
Indonesia,Asia,1987,60.1,169276000,IDN,360,1748.0,
Indonesia,Asia,1992,62.7,184816000,IDN,360,2383.0,
Indonesia,Asia,1997,66.0,199278000,IDN,360,3119.0,
Indonesia,Asia,2002,68.6,211060000,IDN,360,2874.0,
Indonesia,Asia,2007,70.6,223547000,IDN,360,3541.0,
Iran,Asia,1952,44.9,17272000,IRN,364,3035.0,
Iran,Asia,1957,47.2,19792000,IRN,364,3290.0,
Iran,Asia,1962,49.3,22874000,IRN,364,4187.0,
Iran,Asia,1967,52.5,26538000,IRN,364,5907.0,
Iran,Asia,1972,55.2,30614000,IRN,364,9614.0,
Iran,Asia,1977,57.7,35480679,IRN,364,11889.0,
Iran,Asia,1982,59.6,43072751,IRN,364,7608.0,
Iran,Asia,1987,63.0,51889696,IRN,364,6643.0,
Iran,Asia,1992,65.7,60397973,IRN,364,7236.0,
Iran,Asia,1997,68.0,63327987,IRN,364,8264.0,
Iran,Asia,2002,69.5,66907826,IRN,364,9241.0,
Iran,Asia,2007,71.0,69453570,IRN,364,11606.0,
Iraq,Asia,1952,45.3,5441766,IRQ,368,4130.0,
Iraq,Asia,1957,48.4,6248643,IRQ,368,6229.0,
Iraq,Asia,1962,51.5,7240260,IRQ,368,8342.0,
Iraq,Asia,1967,54.5,8519282,IRQ,368,8931.0,
Iraq,Asia,1972,57.0,10061506,IRQ,368,9576.0,
Iraq,Asia,1977,60.4,11882916,IRQ,368,14688.0,
Iraq,Asia,1982,62.0,14173318,IRQ,368,14518.0,
Iraq,Asia,1987,65.0,16543189,IRQ,368,11644.0,
Iraq,Asia,1992,59.5,17861905,IRQ,368,3746.0,
Iraq,Asia,1997,58.8,20775703,IRQ,368,3076.0,
Iraq,Asia,2002,57.0,24001816,IRQ,368,4391.0,
Iraq,Asia,2007,59.5,27499638,IRQ,368,4471.0,
Ireland,Europe,1952,66.9,2952156,IRL,372,5210.0,
Ireland,Europe,1957,68.9,2878220,IRL,372,5599.0,
Ireland,Europe,1962,70.3,2830000,IRL,372,6632.0,
Ireland,Europe,1967,71.1,2900100,IRL,372,7656.0,
Ireland,Europe,1972,71.3,3024400,IRL,372,9531.0,
Ireland,Europe,1977,72.0,3271900,IRL,372,11151.0,
Ireland,Europe,1982,73.1,3480000,IRL,372,12618.0,
Ireland,Europe,1987,74.4,3539900,IRL,372,13873.0,
Ireland,Europe,1992,75.5,3557761,IRL,372,17559.0,
Ireland,Europe,1997,76.1,3667233,IRL,372,24522.0,
Ireland,Europe,2002,77.8,3879155,IRL,372,34077.0,
Ireland,Europe,2007,78.9,4109086,IRL,372,40676.0,
Israel,Asia,1952,65.4,1620914,ISR,376,4087.0,
Israel,Asia,1957,67.8,1944401,ISR,376,5385.0,
Israel,Asia,1962,69.4,2310904,ISR,376,7106.0,
Israel,Asia,1967,70.8,2693585,ISR,376,8394.0,
Israel,Asia,1972,71.6,3095893,ISR,376,12787.0,
Israel,Asia,1977,73.1,3495918,ISR,376,13307.0,
Israel,Asia,1982,74.4,3858421,ISR,376,15367.0,
Israel,Asia,1987,75.6,4203148,ISR,376,17122.0,
Israel,Asia,1992,76.9,4936550,ISR,376,18052.0,
Israel,Asia,1997,78.3,5531387,ISR,376,20897.0,
Israel,Asia,2002,79.7,6029529,ISR,376,21906.0,
Israel,Asia,2007,80.7,6426679,ISR,376,25523.0,
Italy,Europe,1952,65.9,47666000,ITA,380,4931.0,G7
Italy,Europe,1957,67.8,49182000,ITA,380,6249.0,G7
Italy,Europe,1962,69.2,50843200,ITA,380,8244.0,G7
Italy,Europe,1967,71.1,52667100,ITA,380,10022.0,G7
Italy,Europe,1972,72.2,54365564,ITA,380,12269.0,G7
Italy,Europe,1977,73.5,56059245,ITA,380,14256.0,G7
Italy,Europe,1982,75.0,56535636,ITA,380,16537.0,G7
Italy,Europe,1987,76.4,56729703,ITA,380,19207.0,G7
Italy,Europe,1992,77.4,56840847,ITA,380,22014.0,G7
Italy,Europe,1997,78.8,57479469,ITA,380,24675.0,G7
Italy,Europe,2002,80.2,57926999,ITA,380,27968.0,G7
Italy,Europe,2007,80.5,58147733,ITA,380,28570.0,G7
Jamaica,Americas,1952,58.5,1426095,JAM,388,2899.0,
Jamaica,Americas,1957,62.6,1535090,JAM,388,4757.0,
Jamaica,Americas,1962,65.6,1665128,JAM,388,5246.0,
Jamaica,Americas,1967,67.5,1861096,JAM,388,6125.0,
Jamaica,Americas,1972,69.0,1997616,JAM,388,7434.0,
Jamaica,Americas,1977,70.1,2156814,JAM,388,6650.0,
Jamaica,Americas,1982,71.2,2298309,JAM,388,6068.0,
Jamaica,Americas,1987,71.8,2326606,JAM,388,6351.0,
Jamaica,Americas,1992,71.8,2378618,JAM,388,7405.0,
Jamaica,Americas,1997,72.3,2531311,JAM,388,7122.0,
Jamaica,Americas,2002,72.0,2664659,JAM,388,6995.0,
Jamaica,Americas,2007,72.6,2780132,JAM,388,7321.0,
Japan,Asia,1952,63.0,86459025,JPN,392,3217.0,G7
Japan,Asia,1957,65.5,91563009,JPN,392,4318.0,G7
Japan,Asia,1962,68.7,95831757,JPN,392,6577.0,G7
Japan,Asia,1967,71.4,100825279,JPN,392,9848.0,G7
Japan,Asia,1972,73.4,107188273,JPN,392,14779.0,G7
Japan,Asia,1977,75.4,113872473,JPN,392,16610.0,G7
Japan,Asia,1982,77.1,118454974,JPN,392,19384.0,G7
Japan,Asia,1987,78.7,122091325,JPN,392,22376.0,G7
Japan,Asia,1992,79.4,124329269,JPN,392,26825.0,G7
Japan,Asia,1997,80.7,125956499,JPN,392,28817.0,G7
Japan,Asia,2002,82.0,127065841,JPN,392,28605.0,G7
Japan,Asia,2007,82.6,127467972,JPN,392,31656.0,G7
Jordan,Asia,1952,43.2,607914,JOR,400,1547.0,
Jordan,Asia,1957,45.7,746559,JOR,400,1886.0,
Jordan,Asia,1962,48.1,933559,JOR,400,2348.0,
Jordan,Asia,1967,51.6,1255058,JOR,400,2742.0,
Jordan,Asia,1972,56.5,1613551,JOR,400,2111.0,
Jordan,Asia,1977,61.1,1937652,JOR,400,2852.0,
Jordan,Asia,1982,63.7,2347031,JOR,400,4161.0,
Jordan,Asia,1987,65.9,2820042,JOR,400,4449.0,
Jordan,Asia,1992,68.0,3867409,JOR,400,3432.0,
Jordan,Asia,1997,69.8,4526235,JOR,400,3645.0,
Jordan,Asia,2002,71.3,5307470,JOR,400,3845.0,
Jordan,Asia,2007,72.5,6053193,JOR,400,4519.0,
Kenya,Africa,1952,42.3,6464046,KEN,404,854.0,
Kenya,Africa,1957,44.7,7454779,KEN,404,944.0,
Kenya,Africa,1962,47.9,8678557,KEN,404,897.0,
Kenya,Africa,1967,50.7,10191512,KEN,404,1057.0,
Kenya,Africa,1972,53.6,12044785,KEN,404,1222.0,
Kenya,Africa,1977,56.2,14500404,KEN,404,1268.0,
Kenya,Africa,1982,58.8,17661452,KEN,404,1348.0,
Kenya,Africa,1987,59.3,21198082,KEN,404,1362.0,
Kenya,Africa,1992,59.3,25020539,KEN,404,1342.0,
Kenya,Africa,1997,54.4,28263827,KEN,404,1360.0,
Kenya,Africa,2002,51.0,31386842,KEN,404,1288.0,
Kenya,Africa,2007,54.1,35610177,KEN,404,1463.0,
"Korea, Dem. Rep.",Asia,1952,50.1,8865488,KOR,410,1088.0,
"Korea, Dem. Rep.",Asia,1957,54.1,9411381,KOR,410,1571.0,
"Korea, Dem. Rep.",Asia,1962,56.7,10917494,KOR,410,1622.0,
"Korea, Dem. Rep.",Asia,1967,59.9,12617009,KOR,410,2144.0,
"Korea, Dem. Rep.",Asia,1972,64.0,14781241,KOR,410,3702.0,
"Korea, Dem. Rep.",Asia,1977,67.2,16325320,KOR,410,4106.0,
"Korea, Dem. Rep.",Asia,1982,69.1,17647518,KOR,410,4107.0,
"Korea, Dem. Rep.",Asia,1987,70.6,19067554,KOR,410,4106.0,
"Korea, Dem. Rep.",Asia,1992,70.0,20711375,KOR,410,3726.0,
"Korea, Dem. Rep.",Asia,1997,67.7,21585105,KOR,410,1691.0,
"Korea, Dem. Rep.",Asia,2002,66.7,22215365,KOR,410,1647.0,
"Korea, Dem. Rep.",Asia,2007,67.3,23301725,KOR,410,1593.0,
"Korea, Rep.",Asia,1952,47.5,20947571,KOR,410,1031.0,
"Korea, Rep.",Asia,1957,52.7,22611552,KOR,410,1488.0,
"Korea, Rep.",Asia,1962,55.3,26420307,KOR,410,1536.0,
"Korea, Rep.",Asia,1967,57.7,30131000,KOR,410,2029.0,
"Korea, Rep.",Asia,1972,62.6,33505000,KOR,410,3031.0,
"Korea, Rep.",Asia,1977,64.8,36436000,KOR,410,4657.0,
"Korea, Rep.",Asia,1982,67.1,39326000,KOR,410,5623.0,
"Korea, Rep.",Asia,1987,69.8,41622000,KOR,410,8533.0,
"Korea, Rep.",Asia,1992,72.2,43805450,KOR,410,12104.0,
"Korea, Rep.",Asia,1997,74.6,46173816,KOR,410,15994.0,
"Korea, Rep.",Asia,2002,77.0,47969150,KOR,410,19234.0,
"Korea, Rep.",Asia,2007,78.6,49044790,KOR,410,23348.0,
Kuwait,Asia,1952,55.6,160000,KWT,414,108382.0,
Kuwait,Asia,1957,58.0,212846,KWT,414,113523.0,
Kuwait,Asia,1962,60.5,358266,KWT,414,95458.0,
Kuwait,Asia,1967,64.6,575003,KWT,414,80895.0,
Kuwait,Asia,1972,67.7,841934,KWT,414,109348.0,
Kuwait,Asia,1977,69.3,1140357,KWT,414,59265.0,
Kuwait,Asia,1982,71.3,1497494,KWT,414,31354.0,
Kuwait,Asia,1987,74.2,1891487,KWT,414,28118.0,
Kuwait,Asia,1992,75.2,1418095,KWT,414,34933.0,
Kuwait,Asia,1997,76.2,1765345,KWT,414,40301.0,
Kuwait,Asia,2002,76.9,2111561,KWT,414,35110.0,
Kuwait,Asia,2007,77.6,2505559,KWT,414,47307.0,
Lebanon,Asia,1952,55.9,1439529,LBN,422,4835.0,
Lebanon,Asia,1957,59.5,1647412,LBN,422,6090.0,
Lebanon,Asia,1962,62.1,1886848,LBN,422,5715.0,
Lebanon,Asia,1967,63.9,2186894,LBN,422,6007.0,
Lebanon,Asia,1972,65.4,2680018,LBN,422,7486.0,
Lebanon,Asia,1977,66.1,3115787,LBN,422,8660.0,
Lebanon,Asia,1982,67.0,3086876,LBN,422,7641.0,
Lebanon,Asia,1987,67.9,3089353,LBN,422,5377.0,
Lebanon,Asia,1992,69.3,3219994,LBN,422,6891.0,
Lebanon,Asia,1997,70.3,3430388,LBN,422,8755.0,
Lebanon,Asia,2002,71.0,3677780,LBN,422,9314.0,
Lebanon,Asia,2007,72.0,3921278,LBN,422,10461.0,
Lesotho,Africa,1952,42.1,748747,LSO,426,299.0,
Lesotho,Africa,1957,45.0,813338,LSO,426,336.0,
Lesotho,Africa,1962,47.7,893143,LSO,426,412.0,
Lesotho,Africa,1967,48.5,996380,LSO,426,499.0,
Lesotho,Africa,1972,49.8,1116779,LSO,426,497.0,
Lesotho,Africa,1977,52.2,1251524,LSO,426,745.0,
Lesotho,Africa,1982,55.1,1411807,LSO,426,797.0,
Lesotho,Africa,1987,57.2,1599200,LSO,426,774.0,
Lesotho,Africa,1992,59.7,1803195,LSO,426,977.0,
Lesotho,Africa,1997,55.6,1982823,LSO,426,1186.0,
Lesotho,Africa,2002,44.6,2046772,LSO,426,1275.0,
Lesotho,Africa,2007,42.6,2012649,LSO,426,1569.0,
Liberia,Africa,1952,38.5,863308,LBR,430,576.0,
Liberia,Africa,1957,39.5,975950,LBR,430,621.0,
Liberia,Africa,1962,40.5,1112796,LBR,430,634.0,
Liberia,Africa,1967,41.5,1279406,LBR,430,714.0,
Liberia,Africa,1972,42.6,1482628,LBR,430,803.0,
Liberia,Africa,1977,43.8,1703617,LBR,430,640.0,
Liberia,Africa,1982,44.9,1956875,LBR,430,572.0,
Liberia,Africa,1987,46.0,2269414,LBR,430,506.0,
Liberia,Africa,1992,40.8,1912974,LBR,430,637.0,
Liberia,Africa,1997,42.2,2200725,LBR,430,609.0,
Liberia,Africa,2002,43.8,2814651,LBR,430,531.0,
Liberia,Africa,2007,45.7,3193942,LBR,430,415.0,
Libya,Africa,1952,42.7,1019729,LBY,434,2388.0,
Libya,Africa,1957,45.3,1201578,LBY,434,3448.0,
Libya,Africa,1962,47.8,1441863,LBY,434,6757.0,
Libya,Africa,1967,50.2,1759224,LBY,434,18773.0,
Libya,Africa,1972,52.8,2183877,LBY,434,21011.0,
Libya,Africa,1977,57.4,2721783,LBY,434,21951.0,
Libya,Africa,1982,62.2,3344074,LBY,434,17364.0,
Libya,Africa,1987,66.2,3799845,LBY,434,11771.0,
Libya,Africa,1992,68.8,4364501,LBY,434,9640.0,
Libya,Africa,1997,71.6,4759670,LBY,434,9467.0,
Libya,Africa,2002,72.7,5368585,LBY,434,9535.0,
Libya,Africa,2007,74.0,6036914,LBY,434,12057.0,
Madagascar,Africa,1952,36.7,4762912,MDG,450,1443.0,
Madagascar,Africa,1957,38.9,5181679,MDG,450,1589.0,
Madagascar,Africa,1962,40.8,5703324,MDG,450,1643.0,
Madagascar,Africa,1967,42.9,6334556,MDG,450,1634.0,
Madagascar,Africa,1972,44.9,7082430,MDG,450,1749.0,
Madagascar,Africa,1977,46.9,8007166,MDG,450,1544.0,
Madagascar,Africa,1982,49.0,9171477,MDG,450,1303.0,
Madagascar,Africa,1987,49.4,10568642,MDG,450,1155.0,
Madagascar,Africa,1992,52.2,12210395,MDG,450,1041.0,
Madagascar,Africa,1997,55.0,14165114,MDG,450,986.0,
Madagascar,Africa,2002,57.3,16473477,MDG,450,895.0,
Madagascar,Africa,2007,59.4,19167654,MDG,450,1045.0,
Malawi,Africa,1952,36.3,2917802,MWI,454,369.0,
Malawi,Africa,1957,37.2,3221238,MWI,454,416.0,
Malawi,Africa,1962,38.4,3628608,MWI,454,428.0,
Malawi,Africa,1967,39.5,4147252,MWI,454,496.0,
Malawi,Africa,1972,41.8,4730997,MWI,454,585.0,
Malawi,Africa,1977,43.8,5637246,MWI,454,663.0,
Malawi,Africa,1982,45.6,6502825,MWI,454,633.0,
Malawi,Africa,1987,47.5,7824747,MWI,454,636.0,
Malawi,Africa,1992,49.4,10014249,MWI,454,563.0,
Malawi,Africa,1997,47.5,10419991,MWI,454,692.0,
Malawi,Africa,2002,45.0,11824495,MWI,454,665.0,
Malawi,Africa,2007,48.3,13327079,MWI,454,759.0,
Malaysia,Asia,1952,48.5,6748378,MYS,458,1831.0,
Malaysia,Asia,1957,52.1,7739235,MYS,458,1810.0,
Malaysia,Asia,1962,55.7,8906385,MYS,458,2037.0,
Malaysia,Asia,1967,59.4,10154878,MYS,458,2278.0,
Malaysia,Asia,1972,63.0,11441462,MYS,458,2849.0,
Malaysia,Asia,1977,65.3,12845381,MYS,458,3828.0,
Malaysia,Asia,1982,68.0,14441916,MYS,458,4920.0,
Malaysia,Asia,1987,69.5,16331785,MYS,458,5250.0,
Malaysia,Asia,1992,70.7,18319502,MYS,458,7278.0,
Malaysia,Asia,1997,71.9,20476091,MYS,458,10133.0,
Malaysia,Asia,2002,73.0,22662365,MYS,458,10207.0,
Malaysia,Asia,2007,74.2,24821286,MYS,458,12452.0,
Mali,Africa,1952,33.7,3838168,MLI,466,452.0,
Mali,Africa,1957,35.3,4241884,MLI,466,490.0,
Mali,Africa,1962,36.9,4690372,MLI,466,496.0,
Mali,Africa,1967,38.5,5212416,MLI,466,545.0,
Mali,Africa,1972,40.0,5828158,MLI,466,581.0,
Mali,Africa,1977,41.7,6491649,MLI,466,686.0,
Mali,Africa,1982,43.9,6998256,MLI,466,618.0,
Mali,Africa,1987,46.4,7634008,MLI,466,684.0,
Mali,Africa,1992,48.4,8416215,MLI,466,739.0,
Mali,Africa,1997,49.9,9384984,MLI,466,790.0,
Mali,Africa,2002,51.8,10580176,MLI,466,951.0,
Mali,Africa,2007,54.5,12031795,MLI,466,1043.0,
Mauritania,Africa,1952,40.5,1022556,MRT,478,743.0,
Mauritania,Africa,1957,42.3,1076852,MRT,478,846.0,
Mauritania,Africa,1962,44.2,1146757,MRT,478,1056.0,
Mauritania,Africa,1967,46.3,1230542,MRT,478,1421.0,
Mauritania,Africa,1972,48.4,1332786,MRT,478,1587.0,
Mauritania,Africa,1977,50.9,1456688,MRT,478,1497.0,
Mauritania,Africa,1982,53.6,1622136,MRT,478,1481.0,
Mauritania,Africa,1987,56.1,1841240,MRT,478,1422.0,
Mauritania,Africa,1992,58.3,2119465,MRT,478,1361.0,
Mauritania,Africa,1997,60.4,2444741,MRT,478,1483.0,
Mauritania,Africa,2002,62.2,2828858,MRT,478,1579.0,
Mauritania,Africa,2007,64.2,3270065,MRT,478,1803.0,
Mauritius,Africa,1952,51.0,516556,MUS,480,1968.0,
Mauritius,Africa,1957,58.1,609816,MUS,480,2034.0,
Mauritius,Africa,1962,60.2,701016,MUS,480,2529.0,
Mauritius,Africa,1967,61.6,789309,MUS,480,2475.0,
Mauritius,Africa,1972,62.9,851334,MUS,480,2575.0,
Mauritius,Africa,1977,64.9,913025,MUS,480,3711.0,
Mauritius,Africa,1982,66.7,992040,MUS,480,3688.0,
Mauritius,Africa,1987,68.7,1042663,MUS,480,4784.0,
Mauritius,Africa,1992,69.7,1096202,MUS,480,6058.0,
Mauritius,Africa,1997,70.7,1149818,MUS,480,7426.0,
Mauritius,Africa,2002,72.0,1200206,MUS,480,9022.0,
Mauritius,Africa,2007,72.8,1250882,MUS,480,10957.0,
Mexico,Americas,1952,50.8,30144317,MEX,484,3478.0,
Mexico,Americas,1957,55.2,35015548,MEX,484,4132.0,
Mexico,Americas,1962,58.3,41121485,MEX,484,4582.0,
Mexico,Americas,1967,60.1,47995559,MEX,484,5755.0,
Mexico,Americas,1972,62.4,55984294,MEX,484,6809.0,
Mexico,Americas,1977,65.0,63759976,MEX,484,7675.0,
Mexico,Americas,1982,67.4,71640904,MEX,484,9611.0,
Mexico,Americas,1987,69.5,80122492,MEX,484,8688.0,
Mexico,Americas,1992,71.5,88111030,MEX,484,9472.0,
Mexico,Americas,1997,73.7,95895146,MEX,484,9767.0,
Mexico,Americas,2002,74.9,102479927,MEX,484,10742.0,
Mexico,Americas,2007,76.2,108700891,MEX,484,11978.0,
Mongolia,Asia,1952,42.2,800663,MNG,496,787.0,
Mongolia,Asia,1957,45.2,882134,MNG,496,913.0,
Mongolia,Asia,1962,48.3,1010280,MNG,496,1056.0,
Mongolia,Asia,1967,51.3,1149500,MNG,496,1226.0,
Mongolia,Asia,1972,53.8,1320500,MNG,496,1422.0,
Mongolia,Asia,1977,55.5,1528000,MNG,496,1648.0,
Mongolia,Asia,1982,57.5,1756032,MNG,496,2001.0,
Mongolia,Asia,1987,60.2,2015133,MNG,496,2338.0,
Mongolia,Asia,1992,61.3,2312802,MNG,496,1785.0,
Mongolia,Asia,1997,63.6,2494803,MNG,496,1902.0,
Mongolia,Asia,2002,65.0,2674234,MNG,496,2141.0,
Mongolia,Asia,2007,66.8,2874127,MNG,496,3096.0,
Montenegro,Europe,1952,59.2,413834,MNE,499,2648.0,
Montenegro,Europe,1957,61.4,442829,MNE,499,3682.0,
Montenegro,Europe,1962,63.7,474528,MNE,499,4650.0,
Montenegro,Europe,1967,67.2,501035,MNE,499,5908.0,
Montenegro,Europe,1972,70.6,527678,MNE,499,7778.0,
Montenegro,Europe,1977,73.1,560073,MNE,499,9596.0,
Montenegro,Europe,1982,74.1,562548,MNE,499,11223.0,
Montenegro,Europe,1987,74.9,569473,MNE,499,11733.0,
Montenegro,Europe,1992,75.4,621621,MNE,499,7003.0,
Montenegro,Europe,1997,75.4,692651,MNE,499,6466.0,
Montenegro,Europe,2002,74.0,720230,MNE,499,6557.0,
Montenegro,Europe,2007,74.5,684736,MNE,499,9254.0,
Morocco,Africa,1952,42.9,9939217,MAR,504,1688.0,
Morocco,Africa,1957,45.4,11406350,MAR,504,1642.0,
Morocco,Africa,1962,47.9,13056604,MAR,504,1566.0,
Morocco,Africa,1967,50.3,14770296,MAR,504,1711.0,
Morocco,Africa,1972,52.9,16660670,MAR,504,1930.0,
Morocco,Africa,1977,55.7,18396941,MAR,504,2371.0,
Morocco,Africa,1982,59.6,20198730,MAR,504,2703.0,
Morocco,Africa,1987,62.7,22987397,MAR,504,2755.0,
Morocco,Africa,1992,65.4,25798239,MAR,504,2948.0,
Morocco,Africa,1997,67.7,28529501,MAR,504,2982.0,
Morocco,Africa,2002,69.6,31167783,MAR,504,3258.0,
Morocco,Africa,2007,71.2,33757175,MAR,504,3820.0,
Mozambique,Africa,1952,31.3,6446316,MOZ,508,469.0,
Mozambique,Africa,1957,33.8,7038035,MOZ,508,496.0,
Mozambique,Africa,1962,36.2,7788944,MOZ,508,557.0,
Mozambique,Africa,1967,38.1,8680909,MOZ,508,567.0,
Mozambique,Africa,1972,40.3,9809596,MOZ,508,725.0,
Mozambique,Africa,1977,42.5,11127868,MOZ,508,502.0,
Mozambique,Africa,1982,42.8,12587223,MOZ,508,462.0,
Mozambique,Africa,1987,42.9,12891952,MOZ,508,390.0,
Mozambique,Africa,1992,44.3,13160731,MOZ,508,411.0,
Mozambique,Africa,1997,46.3,16603334,MOZ,508,472.0,
Mozambique,Africa,2002,44.0,18473780,MOZ,508,634.0,
Mozambique,Africa,2007,42.1,19951656,MOZ,508,824.0,
Myanmar,Asia,1952,36.3,20092996,MMR,104,331.0,
Myanmar,Asia,1957,41.9,21731844,MMR,104,350.0,
Myanmar,Asia,1962,45.1,23634436,MMR,104,388.0,
Myanmar,Asia,1967,49.4,25870271,MMR,104,349.0,
Myanmar,Asia,1972,53.1,28466390,MMR,104,357.0,
Myanmar,Asia,1977,56.1,31528087,MMR,104,371.0,
Myanmar,Asia,1982,58.1,34680442,MMR,104,424.0,
Myanmar,Asia,1987,58.3,38028578,MMR,104,385.0,
Myanmar,Asia,1992,59.3,40546538,MMR,104,347.0,
Myanmar,Asia,1997,60.3,43247867,MMR,104,415.0,
Myanmar,Asia,2002,59.9,45598081,MMR,104,611.0,
Myanmar,Asia,2007,62.1,47761980,MMR,104,944.0,
Namibia,Africa,1952,41.7,485831,NAM,516,2424.0,
Namibia,Africa,1957,45.2,548080,NAM,516,2621.0,
Namibia,Africa,1962,48.4,621392,NAM,516,3173.0,
Namibia,Africa,1967,51.2,706640,NAM,516,3794.0,
Namibia,Africa,1972,53.9,821782,NAM,516,3746.0,
Namibia,Africa,1977,56.4,977026,NAM,516,3876.0,
Namibia,Africa,1982,59.0,1099010,NAM,516,4191.0,
Namibia,Africa,1987,60.8,1278184,NAM,516,3694.0,
Namibia,Africa,1992,62.0,1554253,NAM,516,3805.0,
Namibia,Africa,1997,58.9,1774766,NAM,516,3900.0,
Namibia,Africa,2002,51.5,1972153,NAM,516,4072.0,
Namibia,Africa,2007,52.9,2055080,NAM,516,4811.0,
Nepal,Asia,1952,36.2,9182536,NPL,524,546.0,
Nepal,Asia,1957,37.7,9682338,NPL,524,598.0,
Nepal,Asia,1962,39.4,10332057,NPL,524,652.0,
Nepal,Asia,1967,41.5,11261690,NPL,524,676.0,
Nepal,Asia,1972,44.0,12412593,NPL,524,675.0,
Nepal,Asia,1977,46.7,13933198,NPL,524,694.0,
Nepal,Asia,1982,49.6,15796314,NPL,524,718.0,
Nepal,Asia,1987,52.5,17917180,NPL,524,776.0,
Nepal,Asia,1992,55.7,20326209,NPL,524,898.0,
Nepal,Asia,1997,59.4,23001113,NPL,524,1011.0,
Nepal,Asia,2002,61.3,25873917,NPL,524,1057.0,
Nepal,Asia,2007,63.8,28901790,NPL,524,1091.0,
Netherlands,Europe,1952,72.1,10381988,NLD,528,8942.0,
Netherlands,Europe,1957,73.0,11026383,NLD,528,11276.0,
Netherlands,Europe,1962,73.2,11805689,NLD,528,12791.0,
Netherlands,Europe,1967,73.8,12596822,NLD,528,15363.0,
Netherlands,Europe,1972,73.8,13329874,NLD,528,18795.0,
Netherlands,Europe,1977,75.2,13852989,NLD,528,21209.0,
Netherlands,Europe,1982,76.0,14310401,NLD,528,21399.0,
Netherlands,Europe,1987,76.8,14665278,NLD,528,23651.0,
Netherlands,Europe,1992,77.4,15174244,NLD,528,26791.0,
Netherlands,Europe,1997,78.0,15604464,NLD,528,30246.0,
Netherlands,Europe,2002,78.5,16122830,NLD,528,33725.0,
Netherlands,Europe,2007,79.8,16570613,NLD,528,36798.0,
New Zealand,Oceania,1952,69.4,1994794,NZL,554,10557.0,
New Zealand,Oceania,1957,70.3,2229407,NZL,554,12247.0,
New Zealand,Oceania,1962,71.2,2488550,NZL,554,13176.0,
New Zealand,Oceania,1967,71.5,2728150,NZL,554,14464.0,
New Zealand,Oceania,1972,71.9,2929100,NZL,554,16046.0,
New Zealand,Oceania,1977,72.2,3164900,NZL,554,16234.0,
New Zealand,Oceania,1982,73.8,3210650,NZL,554,17632.0,
New Zealand,Oceania,1987,74.3,3317166,NZL,554,19007.0,
New Zealand,Oceania,1992,76.3,3437674,NZL,554,18363.0,
New Zealand,Oceania,1997,77.6,3676187,NZL,554,21050.0,
New Zealand,Oceania,2002,79.1,3908037,NZL,554,23190.0,
New Zealand,Oceania,2007,80.2,4115771,NZL,554,25185.0,
Nicaragua,Americas,1952,42.3,1165790,NIC,558,3112.0,
Nicaragua,Americas,1957,45.4,1358828,NIC,558,3457.0,
Nicaragua,Americas,1962,48.6,1590597,NIC,558,3634.0,
Nicaragua,Americas,1967,51.9,1865490,NIC,558,4643.0,
Nicaragua,Americas,1972,55.2,2182908,NIC,558,4689.0,
Nicaragua,Americas,1977,57.5,2554598,NIC,558,5486.0,
Nicaragua,Americas,1982,59.3,2979423,NIC,558,3470.0,
Nicaragua,Americas,1987,62.0,3344353,NIC,558,2956.0,
Nicaragua,Americas,1992,65.8,4017939,NIC,558,2170.0,
Nicaragua,Americas,1997,68.4,4609572,NIC,558,2253.0,
Nicaragua,Americas,2002,70.8,5146848,NIC,558,2475.0,
Nicaragua,Americas,2007,72.9,5675356,NIC,558,2749.0,
Niger,Africa,1952,37.4,3379468,NER,562,762.0,
Niger,Africa,1957,38.6,3692184,NER,562,836.0,
Niger,Africa,1962,39.5,4076008,NER,562,998.0,
Niger,Africa,1967,40.1,4534062,NER,562,1054.0,
Niger,Africa,1972,40.5,5060262,NER,562,954.0,
Niger,Africa,1977,41.3,5682086,NER,562,809.0,
Niger,Africa,1982,42.6,6437188,NER,562,910.0,
Niger,Africa,1987,44.6,7332638,NER,562,668.0,
Niger,Africa,1992,47.4,8392818,NER,562,581.0,
Niger,Africa,1997,51.3,9666252,NER,562,580.0,
Niger,Africa,2002,54.5,11140655,NER,562,601.0,
Niger,Africa,2007,56.9,12894865,NER,562,620.0,
Nigeria,Africa,1952,36.3,33119096,NGA,566,1077.0,
Nigeria,Africa,1957,37.8,37173340,NGA,566,1101.0,
Nigeria,Africa,1962,39.4,41871351,NGA,566,1151.0,
Nigeria,Africa,1967,41.0,47287752,NGA,566,1015.0,
Nigeria,Africa,1972,42.8,53740085,NGA,566,1698.0,
Nigeria,Africa,1977,44.5,62209173,NGA,566,1982.0,
Nigeria,Africa,1982,45.8,73039376,NGA,566,1577.0,
Nigeria,Africa,1987,46.9,81551520,NGA,566,1385.0,
Nigeria,Africa,1992,47.5,93364244,NGA,566,1620.0,
Nigeria,Africa,1997,47.5,106207839,NGA,566,1625.0,
Nigeria,Africa,2002,46.6,119901274,NGA,566,1615.0,
Nigeria,Africa,2007,46.9,135031164,NGA,566,2014.0,
Norway,Europe,1952,72.7,3327728,NOR,578,10095.0,
Norway,Europe,1957,73.4,3491938,NOR,578,11654.0,
Norway,Europe,1962,73.5,3638919,NOR,578,13450.0,
Norway,Europe,1967,74.1,3786019,NOR,578,16362.0,
Norway,Europe,1972,74.3,3933004,NOR,578,18965.0,
Norway,Europe,1977,75.4,4043205,NOR,578,23311.0,
Norway,Europe,1982,76.0,4114787,NOR,578,26299.0,
Norway,Europe,1987,75.9,4186147,NOR,578,31541.0,
Norway,Europe,1992,77.3,4286357,NOR,578,33966.0,
Norway,Europe,1997,78.3,4405672,NOR,578,41283.0,
Norway,Europe,2002,79.0,4535591,NOR,578,44684.0,
Norway,Europe,2007,80.2,4627926,NOR,578,49357.0,
Oman,Asia,1952,37.6,507833,OMN,512,1828.0,
Oman,Asia,1957,40.1,561977,OMN,512,2243.0,
Oman,Asia,1962,43.2,628164,OMN,512,2925.0,
Oman,Asia,1967,47.0,714775,OMN,512,4721.0,
Oman,Asia,1972,52.1,829050,OMN,512,10618.0,
Oman,Asia,1977,57.4,1004533,OMN,512,11848.0,
Oman,Asia,1982,62.7,1301048,OMN,512,12955.0,
Oman,Asia,1987,67.7,1593882,OMN,512,18115.0,
Oman,Asia,1992,71.2,1915208,OMN,512,18617.0,
Oman,Asia,1997,72.5,2283635,OMN,512,19702.0,
Oman,Asia,2002,74.2,2713462,OMN,512,19775.0,
Oman,Asia,2007,75.6,3204897,OMN,512,22316.0,
Pakistan,Asia,1952,43.4,41346560,PAK,586,685.0,
Pakistan,Asia,1957,45.6,46679944,PAK,586,747.0,
Pakistan,Asia,1962,47.7,53100671,PAK,586,803.0,
Pakistan,Asia,1967,49.8,60641899,PAK,586,942.0,
Pakistan,Asia,1972,51.9,69325921,PAK,586,1050.0,
Pakistan,Asia,1977,54.0,78152686,PAK,586,1176.0,
Pakistan,Asia,1982,56.2,91462088,PAK,586,1443.0,
Pakistan,Asia,1987,58.2,105186881,PAK,586,1705.0,
Pakistan,Asia,1992,60.8,120065004,PAK,586,1972.0,
Pakistan,Asia,1997,61.8,135564834,PAK,586,2049.0,
Pakistan,Asia,2002,63.6,153403524,PAK,586,2093.0,
Pakistan,Asia,2007,65.5,169270617,PAK,586,2606.0,
Panama,Americas,1952,55.2,940080,PAN,591,2480.0,
Panama,Americas,1957,59.2,1063506,PAN,591,2962.0,
Panama,Americas,1962,61.8,1215725,PAN,591,3537.0,
Panama,Americas,1967,64.1,1405486,PAN,591,4421.0,
Panama,Americas,1972,66.2,1616384,PAN,591,5364.0,
Panama,Americas,1977,68.7,1839782,PAN,591,5352.0,
Panama,Americas,1982,70.5,2036305,PAN,591,7010.0,
Panama,Americas,1987,71.5,2253639,PAN,591,7035.0,
Panama,Americas,1992,72.5,2484997,PAN,591,6619.0,
Panama,Americas,1997,73.7,2734531,PAN,591,7114.0,
Panama,Americas,2002,74.7,2990875,PAN,591,7356.0,
Panama,Americas,2007,75.5,3242173,PAN,591,9809.0,
Paraguay,Americas,1952,62.6,1555876,PRY,600,1952.0,
Paraguay,Americas,1957,63.2,1770902,PRY,600,2046.0,
Paraguay,Americas,1962,64.4,2009813,PRY,600,2148.0,
Paraguay,Americas,1967,65.0,2287985,PRY,600,2299.0,
Paraguay,Americas,1972,65.8,2614104,PRY,600,2523.0,
Paraguay,Americas,1977,66.4,2984494,PRY,600,3248.0,
Paraguay,Americas,1982,66.9,3366439,PRY,600,4259.0,
Paraguay,Americas,1987,67.4,3886512,PRY,600,3999.0,
Paraguay,Americas,1992,68.2,4483945,PRY,600,4196.0,
Paraguay,Americas,1997,69.4,5154123,PRY,600,4247.0,
Paraguay,Americas,2002,70.8,5884491,PRY,600,3784.0,
Paraguay,Americas,2007,71.8,6667147,PRY,600,4173.0,
Peru,Americas,1952,43.9,8025700,PER,604,3759.0,
Peru,Americas,1957,46.3,9146100,PER,604,4245.0,
Peru,Americas,1962,49.1,10516500,PER,604,4957.0,
Peru,Americas,1967,51.4,12132200,PER,604,5788.0,
Peru,Americas,1972,55.4,13954700,PER,604,5938.0,
Peru,Americas,1977,58.4,15990099,PER,604,6281.0,
Peru,Americas,1982,61.4,18125129,PER,604,6435.0,
Peru,Americas,1987,64.1,20195924,PER,604,6361.0,
Peru,Americas,1992,66.5,22430449,PER,604,4446.0,
Peru,Americas,1997,68.4,24748122,PER,604,5838.0,
Peru,Americas,2002,69.9,26769436,PER,604,5909.0,
Peru,Americas,2007,71.4,28674757,PER,604,7409.0,
Philippines,Asia,1952,47.8,22438691,PHL,608,1273.0,
Philippines,Asia,1957,51.3,26072194,PHL,608,1548.0,
Philippines,Asia,1962,54.8,30325264,PHL,608,1650.0,
Philippines,Asia,1967,56.4,35356600,PHL,608,1814.0,
Philippines,Asia,1972,58.1,40850141,PHL,608,1989.0,
Philippines,Asia,1977,60.1,46850962,PHL,608,2373.0,
Philippines,Asia,1982,62.1,53456774,PHL,608,2603.0,
Philippines,Asia,1987,64.2,60017788,PHL,608,2190.0,
Philippines,Asia,1992,66.5,67185766,PHL,608,2279.0,
Philippines,Asia,1997,68.6,75012988,PHL,608,2537.0,
Philippines,Asia,2002,70.3,82995088,PHL,608,2651.0,
Philippines,Asia,2007,71.7,91077287,PHL,608,3190.0,
Poland,Europe,1952,61.3,25730551,POL,616,4029.0,
Poland,Europe,1957,65.8,28235346,POL,616,4734.0,
Poland,Europe,1962,67.6,30329617,POL,616,5339.0,
Poland,Europe,1967,69.6,31785378,POL,616,6557.0,
Poland,Europe,1972,70.8,33039545,POL,616,8007.0,
Poland,Europe,1977,70.7,34621254,POL,616,9508.0,
Poland,Europe,1982,71.3,36227381,POL,616,8452.0,
Poland,Europe,1987,71.0,37740710,POL,616,9082.0,
Poland,Europe,1992,71.0,38370697,POL,616,7739.0,
Poland,Europe,1997,72.8,38654957,POL,616,10160.0,
Poland,Europe,2002,74.7,38625976,POL,616,12002.0,
Poland,Europe,2007,75.6,38518241,POL,616,15390.0,
Portugal,Europe,1952,59.8,8526050,PRT,620,3068.0,
Portugal,Europe,1957,61.5,8817650,PRT,620,3775.0,
Portugal,Europe,1962,64.4,9019800,PRT,620,4728.0,
Portugal,Europe,1967,66.6,9103000,PRT,620,6362.0,
Portugal,Europe,1972,69.3,8970450,PRT,620,9022.0,
Portugal,Europe,1977,70.4,9662600,PRT,620,10172.0,
Portugal,Europe,1982,72.8,9859650,PRT,620,11754.0,
Portugal,Europe,1987,74.1,9915289,PRT,620,13039.0,
Portugal,Europe,1992,74.9,9927680,PRT,620,16207.0,
Portugal,Europe,1997,76.0,10156415,PRT,620,17641.0,
Portugal,Europe,2002,77.3,10433867,PRT,620,19971.0,
Portugal,Europe,2007,78.1,10642836,PRT,620,20510.0,
Puerto Rico,Americas,1952,64.3,2227000,PRI,630,3082.0,
Puerto Rico,Americas,1957,68.5,2260000,PRI,630,3907.0,
Puerto Rico,Americas,1962,69.6,2448046,PRI,630,5108.0,
Puerto Rico,Americas,1967,71.1,2648961,PRI,630,6929.0,
Puerto Rico,Americas,1972,72.2,2847132,PRI,630,9123.0,
Puerto Rico,Americas,1977,73.4,3080828,PRI,630,9771.0,
Puerto Rico,Americas,1982,73.8,3279001,PRI,630,10331.0,
Puerto Rico,Americas,1987,74.6,3444468,PRI,630,12281.0,
Puerto Rico,Americas,1992,73.9,3585176,PRI,630,14642.0,
Puerto Rico,Americas,1997,74.9,3759430,PRI,630,16999.0,
Puerto Rico,Americas,2002,77.8,3859606,PRI,630,18856.0,
Puerto Rico,Americas,2007,78.7,3942491,PRI,630,19329.0,
Reunion,Africa,1952,52.7,257700,REU,638,2719.0,
Reunion,Africa,1957,55.1,308700,REU,638,2769.0,
Reunion,Africa,1962,57.7,358900,REU,638,3174.0,
Reunion,Africa,1967,60.5,414024,REU,638,4021.0,
Reunion,Africa,1972,64.3,461633,REU,638,5048.0,
Reunion,Africa,1977,67.1,492095,REU,638,4320.0,
Reunion,Africa,1982,69.9,517810,REU,638,5267.0,
Reunion,Africa,1987,71.9,562035,REU,638,5303.0,
Reunion,Africa,1992,73.6,622191,REU,638,6101.0,
Reunion,Africa,1997,74.8,684810,REU,638,6072.0,
Reunion,Africa,2002,75.7,743981,REU,638,6316.0,
Reunion,Africa,2007,76.4,798094,REU,638,7670.0,
Romania,Europe,1952,61.0,16630000,ROU,642,3145.0,
Romania,Europe,1957,64.1,17829327,ROU,642,3943.0,
Romania,Europe,1962,66.8,18680721,ROU,642,4735.0,
Romania,Europe,1967,66.8,19284814,ROU,642,6471.0,
Romania,Europe,1972,69.2,20662648,ROU,642,8011.0,
Romania,Europe,1977,69.5,21658597,ROU,642,9356.0,
Romania,Europe,1982,69.7,22356726,ROU,642,9605.0,
Romania,Europe,1987,69.5,22686371,ROU,642,9696.0,
Romania,Europe,1992,69.4,22797027,ROU,642,6598.0,
Romania,Europe,1997,69.7,22562458,ROU,642,7347.0,
Romania,Europe,2002,71.3,22404337,ROU,642,7885.0,
Romania,Europe,2007,72.5,22276056,ROU,642,10808.0,
Rwanda,Africa,1952,40.0,2534927,RWA,646,493.0,
Rwanda,Africa,1957,41.5,2822082,RWA,646,540.0,
Rwanda,Africa,1962,43.0,3051242,RWA,646,597.0,
Rwanda,Africa,1967,44.1,3451079,RWA,646,511.0,
Rwanda,Africa,1972,44.6,3992121,RWA,646,591.0,
Rwanda,Africa,1977,45.0,4657072,RWA,646,670.0,
Rwanda,Africa,1982,46.2,5507565,RWA,646,882.0,
Rwanda,Africa,1987,44.0,6349365,RWA,646,848.0,
Rwanda,Africa,1992,23.6,7290203,RWA,646,737.0,
Rwanda,Africa,1997,36.1,7212583,RWA,646,590.0,
Rwanda,Africa,2002,43.4,7852401,RWA,646,786.0,
Rwanda,Africa,2007,46.2,8860588,RWA,646,863.0,
Sao Tome and Principe,Africa,1952,46.5,60011,STP,678,880.0,
Sao Tome and Principe,Africa,1957,48.9,61325,STP,678,861.0,
Sao Tome and Principe,Africa,1962,51.9,65345,STP,678,1072.0,
Sao Tome and Principe,Africa,1967,54.4,70787,STP,678,1385.0,
Sao Tome and Principe,Africa,1972,56.5,76595,STP,678,1533.0,
Sao Tome and Principe,Africa,1977,58.6,86796,STP,678,1738.0,
Sao Tome and Principe,Africa,1982,60.4,98593,STP,678,1890.0,
Sao Tome and Principe,Africa,1987,61.7,110812,STP,678,1517.0,
Sao Tome and Principe,Africa,1992,62.7,125911,STP,678,1429.0,
Sao Tome and Principe,Africa,1997,63.3,145608,STP,678,1339.0,
Sao Tome and Principe,Africa,2002,64.3,170372,STP,678,1353.0,
Sao Tome and Principe,Africa,2007,65.5,199579,STP,678,1598.0,
Saudi Arabia,Asia,1952,39.9,4005677,SAU,682,6460.0,
Saudi Arabia,Asia,1957,42.9,4419650,SAU,682,8158.0,
Saudi Arabia,Asia,1962,45.9,4943029,SAU,682,11626.0,
Saudi Arabia,Asia,1967,49.9,5618198,SAU,682,16903.0,
Saudi Arabia,Asia,1972,53.9,6472756,SAU,682,24837.0,
Saudi Arabia,Asia,1977,58.7,8128505,SAU,682,34168.0,
Saudi Arabia,Asia,1982,63.0,11254672,SAU,682,33693.0,
Saudi Arabia,Asia,1987,66.3,14619745,SAU,682,21198.0,
Saudi Arabia,Asia,1992,68.8,16945857,SAU,682,24842.0,
Saudi Arabia,Asia,1997,70.5,21229759,SAU,682,20587.0,
Saudi Arabia,Asia,2002,71.6,24501530,SAU,682,19015.0,
Saudi Arabia,Asia,2007,72.8,27601038,SAU,682,21655.0,
Senegal,Africa,1952,37.3,2755589,SEN,686,1450.0,
Senegal,Africa,1957,39.3,3054547,SEN,686,1568.0,
Senegal,Africa,1962,41.5,3430243,SEN,686,1655.0,
Senegal,Africa,1967,43.6,3965841,SEN,686,1612.0,
Senegal,Africa,1972,45.8,4588696,SEN,686,1598.0,
Senegal,Africa,1977,48.9,5260855,SEN,686,1562.0,
Senegal,Africa,1982,52.4,6147783,SEN,686,1518.0,
Senegal,Africa,1987,55.8,7171347,SEN,686,1442.0,
Senegal,Africa,1992,58.2,8307920,SEN,686,1368.0,
Senegal,Africa,1997,60.2,9535314,SEN,686,1392.0,
Senegal,Africa,2002,61.6,10870037,SEN,686,1520.0,
Senegal,Africa,2007,63.1,12267493,SEN,686,1712.0,
Serbia,Europe,1952,58.0,6860147,SRB,688,3581.0,
Serbia,Europe,1957,61.7,7271135,SRB,688,4981.0,
Serbia,Europe,1962,64.5,7616060,SRB,688,6290.0,
Serbia,Europe,1967,66.9,7971222,SRB,688,7992.0,
Serbia,Europe,1972,68.7,8313288,SRB,688,10522.0,
Serbia,Europe,1977,70.3,8686367,SRB,688,12981.0,
Serbia,Europe,1982,70.2,9032824,SRB,688,15181.0,
Serbia,Europe,1987,71.2,9230783,SRB,688,15871.0,
Serbia,Europe,1992,71.7,9826397,SRB,688,9325.0,
Serbia,Europe,1997,72.2,10336594,SRB,688,7914.0,
Serbia,Europe,2002,73.2,10111559,SRB,688,7236.0,
Serbia,Europe,2007,74.0,10150265,SRB,688,9787.0,
Sierra Leone,Africa,1952,30.3,2143249,SLE,694,880.0,
Sierra Leone,Africa,1957,31.6,2295678,SLE,694,1004.0,
Sierra Leone,Africa,1962,32.8,2467895,SLE,694,1117.0,
Sierra Leone,Africa,1967,34.1,2662190,SLE,694,1206.0,
Sierra Leone,Africa,1972,35.4,2879013,SLE,694,1354.0,
Sierra Leone,Africa,1977,36.8,3140897,SLE,694,1348.0,
Sierra Leone,Africa,1982,38.4,3464522,SLE,694,1465.0,
Sierra Leone,Africa,1987,40.0,3868905,SLE,694,1294.0,
Sierra Leone,Africa,1992,38.3,4260884,SLE,694,1069.0,
Sierra Leone,Africa,1997,39.9,4578212,SLE,694,575.0,
Sierra Leone,Africa,2002,41.0,5359092,SLE,694,699.0,
Sierra Leone,Africa,2007,42.6,6144562,SLE,694,863.0,
Singapore,Asia,1952,60.4,1127000,SGP,702,2315.0,
Singapore,Asia,1957,63.2,1445929,SGP,702,2843.0,
Singapore,Asia,1962,65.8,1750200,SGP,702,3675.0,
Singapore,Asia,1967,67.9,1977600,SGP,702,4977.0,
Singapore,Asia,1972,69.5,2152400,SGP,702,8598.0,
Singapore,Asia,1977,70.8,2325300,SGP,702,11210.0,
Singapore,Asia,1982,71.8,2651869,SGP,702,15169.0,
Singapore,Asia,1987,73.6,2794552,SGP,702,18862.0,
Singapore,Asia,1992,75.8,3235865,SGP,702,24770.0,
Singapore,Asia,1997,77.2,3802309,SGP,702,33519.0,
Singapore,Asia,2002,78.8,4197776,SGP,702,36023.0,
Singapore,Asia,2007,80.0,4553009,SGP,702,47143.0,
Slovak Republic,Europe,1952,64.4,3558137,SVK,703,5075.0,
Slovak Republic,Europe,1957,67.4,3844277,SVK,703,6093.0,
Slovak Republic,Europe,1962,70.3,4237384,SVK,703,7481.0,
Slovak Republic,Europe,1967,71.0,4442238,SVK,703,8413.0,
Slovak Republic,Europe,1972,70.4,4593433,SVK,703,9674.0,
Slovak Republic,Europe,1977,70.4,4827803,SVK,703,10923.0,
Slovak Republic,Europe,1982,70.8,5048043,SVK,703,11349.0,
Slovak Republic,Europe,1987,71.1,5199318,SVK,703,12037.0,
Slovak Republic,Europe,1992,71.4,5302888,SVK,703,9498.0,
Slovak Republic,Europe,1997,72.7,5383010,SVK,703,12126.0,
Slovak Republic,Europe,2002,73.8,5410052,SVK,703,13639.0,
Slovak Republic,Europe,2007,74.7,5447502,SVK,703,18678.0,
Slovenia,Europe,1952,65.6,1489518,SVN,705,4215.0,
Slovenia,Europe,1957,67.8,1533070,SVN,705,5862.0,
Slovenia,Europe,1962,69.2,1582962,SVN,705,7402.0,
Slovenia,Europe,1967,69.2,1646912,SVN,705,9405.0,
Slovenia,Europe,1972,69.8,1694510,SVN,705,12383.0,
Slovenia,Europe,1977,71.0,1746919,SVN,705,15277.0,
Slovenia,Europe,1982,71.1,1861252,SVN,705,17867.0,
Slovenia,Europe,1987,72.2,1945870,SVN,705,18679.0,
Slovenia,Europe,1992,73.6,1999210,SVN,705,14215.0,
Slovenia,Europe,1997,75.1,2011612,SVN,705,17161.0,
Slovenia,Europe,2002,76.7,2011497,SVN,705,20660.0,
Slovenia,Europe,2007,77.9,2009245,SVN,705,25768.0,
Somalia,Africa,1952,33.0,2526994,SOM,706,1136.0,
Somalia,Africa,1957,35.0,2780415,SOM,706,1258.0,
Somalia,Africa,1962,37.0,3080153,SOM,706,1369.0,
Somalia,Africa,1967,39.0,3428839,SOM,706,1285.0,
Somalia,Africa,1972,41.0,3840161,SOM,706,1255.0,
Somalia,Africa,1977,42.0,4353666,SOM,706,1451.0,
Somalia,Africa,1982,43.0,5828892,SOM,706,1177.0,
Somalia,Africa,1987,44.5,6921858,SOM,706,1093.0,
Somalia,Africa,1992,39.7,6099799,SOM,706,927.0,
Somalia,Africa,1997,43.8,6633514,SOM,706,931.0,
Somalia,Africa,2002,45.9,7753310,SOM,706,882.0,
Somalia,Africa,2007,48.2,9118773,SOM,706,926.0,
South Africa,Africa,1952,45.0,14264935,ZAF,710,4725.0,
South Africa,Africa,1957,48.0,16151549,ZAF,710,5487.0,
South Africa,Africa,1962,50.0,18356657,ZAF,710,5769.0,
South Africa,Africa,1967,51.9,20997321,ZAF,710,7114.0,
South Africa,Africa,1972,53.7,23935810,ZAF,710,7766.0,
South Africa,Africa,1977,55.5,27129932,ZAF,710,8029.0,
South Africa,Africa,1982,58.2,31140029,ZAF,710,8568.0,
South Africa,Africa,1987,60.8,35933379,ZAF,710,7826.0,
South Africa,Africa,1992,61.9,39964159,ZAF,710,7225.0,
South Africa,Africa,1997,60.2,42835005,ZAF,710,7479.0,
South Africa,Africa,2002,53.4,44433622,ZAF,710,7711.0,
South Africa,Africa,2007,49.3,43997828,ZAF,710,9270.0,
Spain,Europe,1952,64.9,28549870,ESP,724,3834.0,
Spain,Europe,1957,66.7,29841614,ESP,724,4565.0,
Spain,Europe,1962,69.7,31158061,ESP,724,5694.0,
Spain,Europe,1967,71.4,32850275,ESP,724,7994.0,
Spain,Europe,1972,73.1,34513161,ESP,724,10639.0,
Spain,Europe,1977,74.4,36439000,ESP,724,13237.0,
Spain,Europe,1982,76.3,37983310,ESP,724,13926.0,
Spain,Europe,1987,76.9,38880702,ESP,724,15765.0,
Spain,Europe,1992,77.6,39549438,ESP,724,18603.0,
Spain,Europe,1997,78.8,39855442,ESP,724,20445.0,
Spain,Europe,2002,79.8,40152517,ESP,724,24835.0,
Spain,Europe,2007,80.9,40448191,ESP,724,28821.0,
Sri Lanka,Asia,1952,57.6,7982342,LKA,144,1084.0,
Sri Lanka,Asia,1957,61.5,9128546,LKA,144,1073.0,
Sri Lanka,Asia,1962,62.2,10421936,LKA,144,1074.0,
Sri Lanka,Asia,1967,64.3,11737396,LKA,144,1136.0,
Sri Lanka,Asia,1972,65.0,13016733,LKA,144,1213.0,
Sri Lanka,Asia,1977,65.9,14116836,LKA,144,1349.0,
Sri Lanka,Asia,1982,68.8,15410151,LKA,144,1648.0,
Sri Lanka,Asia,1987,69.0,16495304,LKA,144,1877.0,
Sri Lanka,Asia,1992,70.4,17587060,LKA,144,2154.0,
Sri Lanka,Asia,1997,70.5,18698655,LKA,144,2664.0,
Sri Lanka,Asia,2002,70.8,19576783,LKA,144,3015.0,
Sri Lanka,Asia,2007,72.4,20378239,LKA,144,3970.0,
Sudan,Africa,1952,38.6,8504667,SDN,736,1616.0,
Sudan,Africa,1957,39.6,9753392,SDN,736,1770.0,
Sudan,Africa,1962,40.9,11183227,SDN,736,1960.0,
Sudan,Africa,1967,42.9,12716129,SDN,736,1688.0,
Sudan,Africa,1972,45.1,14597019,SDN,736,1660.0,
Sudan,Africa,1977,47.8,17104986,SDN,736,2203.0,
Sudan,Africa,1982,50.3,20367053,SDN,736,1896.0,
Sudan,Africa,1987,51.7,24725960,SDN,736,1508.0,
Sudan,Africa,1992,53.6,28227588,SDN,736,1492.0,
Sudan,Africa,1997,55.4,32160729,SDN,736,1632.0,
Sudan,Africa,2002,56.4,37090298,SDN,736,1993.0,
Sudan,Africa,2007,58.6,42292929,SDN,736,2602.0,
Swaziland,Africa,1952,41.4,290243,SWZ,748,1148.0,
Swaziland,Africa,1957,43.4,326741,SWZ,748,1245.0,
Swaziland,Africa,1962,45.0,370006,SWZ,748,1856.0,
Swaziland,Africa,1967,46.6,420690,SWZ,748,2613.0,
Swaziland,Africa,1972,49.6,480105,SWZ,748,3365.0,
Swaziland,Africa,1977,52.5,551425,SWZ,748,3781.0,
Swaziland,Africa,1982,55.6,649901,SWZ,748,3895.0,
Swaziland,Africa,1987,57.7,779348,SWZ,748,3985.0,
Swaziland,Africa,1992,58.5,962344,SWZ,748,3553.0,
Swaziland,Africa,1997,54.3,1054486,SWZ,748,3877.0,
Swaziland,Africa,2002,43.9,1130269,SWZ,748,4128.0,
Swaziland,Africa,2007,39.6,1133066,SWZ,748,4513.0,
Sweden,Europe,1952,71.9,7124673,SWE,752,8528.0,
Sweden,Europe,1957,72.5,7363802,SWE,752,9912.0,
Sweden,Europe,1962,73.4,7561588,SWE,752,12329.0,
Sweden,Europe,1967,74.2,7867931,SWE,752,15258.0,
Sweden,Europe,1972,74.7,8122293,SWE,752,17832.0,
Sweden,Europe,1977,75.4,8251648,SWE,752,18856.0,
Sweden,Europe,1982,76.4,8325260,SWE,752,20667.0,
Sweden,Europe,1987,77.2,8421403,SWE,752,23587.0,
Sweden,Europe,1992,78.2,8718867,SWE,752,23880.0,
Sweden,Europe,1997,79.4,8897619,SWE,752,25267.0,
Sweden,Europe,2002,80.0,8954175,SWE,752,29342.0,
Sweden,Europe,2007,80.9,9031088,SWE,752,33860.0,
Switzerland,Europe,1952,69.6,4815000,CHE,756,14734.0,
Switzerland,Europe,1957,70.6,5126000,CHE,756,17909.0,
Switzerland,Europe,1962,71.3,5666000,CHE,756,20431.0,
Switzerland,Europe,1967,72.8,6063000,CHE,756,22966.0,
Switzerland,Europe,1972,73.8,6401400,CHE,756,27195.0,
Switzerland,Europe,1977,75.4,6316424,CHE,756,26982.0,
Switzerland,Europe,1982,76.2,6468126,CHE,756,28398.0,
Switzerland,Europe,1987,77.4,6649942,CHE,756,30282.0,
Switzerland,Europe,1992,78.0,6995447,CHE,756,31872.0,
Switzerland,Europe,1997,79.4,7193761,CHE,756,32135.0,
Switzerland,Europe,2002,80.6,7361757,CHE,756,34481.0,
Switzerland,Europe,2007,81.7,7554661,CHE,756,37506.0,
Syria,Asia,1952,45.9,3661549,SYR,760,1643.0,
Syria,Asia,1957,48.3,4149908,SYR,760,2117.0,
Syria,Asia,1962,50.3,4834621,SYR,760,2193.0,
Syria,Asia,1967,53.7,5680812,SYR,760,1882.0,
Syria,Asia,1972,57.3,6701172,SYR,760,2571.0,
Syria,Asia,1977,61.2,7932503,SYR,760,3195.0,
Syria,Asia,1982,64.6,9410494,SYR,760,3762.0,
Syria,Asia,1987,67.0,11242847,SYR,760,3117.0,
Syria,Asia,1992,69.2,13219062,SYR,760,3341.0,
Syria,Asia,1997,71.5,15081016,SYR,760,4014.0,
Syria,Asia,2002,73.1,17155814,SYR,760,4091.0,
Syria,Asia,2007,74.1,19314747,SYR,760,4185.0,
Taiwan,Asia,1952,58.5,8550362,TWN,158,1207.0,
Taiwan,Asia,1957,62.4,10164215,TWN,158,1508.0,
Taiwan,Asia,1962,65.2,11918938,TWN,158,1823.0,
Taiwan,Asia,1967,67.5,13648692,TWN,158,2644.0,
Taiwan,Asia,1972,69.4,15226039,TWN,158,4063.0,
Taiwan,Asia,1977,70.6,16785196,TWN,158,5597.0,
Taiwan,Asia,1982,72.2,18501390,TWN,158,7426.0,
Taiwan,Asia,1987,73.4,19757799,TWN,158,11055.0,
Taiwan,Asia,1992,74.3,20686918,TWN,158,15216.0,
Taiwan,Asia,1997,75.2,21628605,TWN,158,20207.0,
Taiwan,Asia,2002,77.0,22454239,TWN,158,23235.0,
Taiwan,Asia,2007,78.4,23174294,TWN,158,28718.0,
Tanzania,Africa,1952,41.2,8322925,TZA,834,717.0,
Tanzania,Africa,1957,43.0,9452826,TZA,834,699.0,
Tanzania,Africa,1962,44.2,10863958,TZA,834,722.0,
Tanzania,Africa,1967,45.8,12607312,TZA,834,848.0,
Tanzania,Africa,1972,47.6,14706593,TZA,834,916.0,
Tanzania,Africa,1977,49.9,17129565,TZA,834,962.0,
Tanzania,Africa,1982,50.6,19844382,TZA,834,874.0,
Tanzania,Africa,1987,51.5,23040630,TZA,834,832.0,
Tanzania,Africa,1992,50.4,26605473,TZA,834,826.0,
Tanzania,Africa,1997,48.5,30686889,TZA,834,789.0,
Tanzania,Africa,2002,49.7,34593779,TZA,834,899.0,
Tanzania,Africa,2007,52.5,38139640,TZA,834,1107.0,
Thailand,Asia,1952,50.8,21289402,THA,764,758.0,
Thailand,Asia,1957,53.6,25041917,THA,764,794.0,
Thailand,Asia,1962,56.1,29263397,THA,764,1002.0,
Thailand,Asia,1967,58.3,34024249,THA,764,1295.0,
Thailand,Asia,1972,60.4,39276153,THA,764,1524.0,
Thailand,Asia,1977,62.5,44148285,THA,764,1961.0,
Thailand,Asia,1982,64.6,48827160,THA,764,2393.0,
Thailand,Asia,1987,66.1,52910342,THA,764,2983.0,
Thailand,Asia,1992,67.3,56667095,THA,764,4617.0,
Thailand,Asia,1997,67.5,60216677,THA,764,5853.0,
Thailand,Asia,2002,68.6,62806748,THA,764,5913.0,
Thailand,Asia,2007,70.6,65068149,THA,764,7458.0,
Togo,Africa,1952,38.6,1219113,TGO,768,860.0,
Togo,Africa,1957,41.2,1357445,TGO,768,926.0,
Togo,Africa,1962,43.9,1528098,TGO,768,1068.0,
Togo,Africa,1967,46.8,1735550,TGO,768,1478.0,
Togo,Africa,1972,49.8,2056351,TGO,768,1650.0,
Togo,Africa,1977,52.9,2308582,TGO,768,1533.0,
Togo,Africa,1982,55.5,2644765,TGO,768,1345.0,
Togo,Africa,1987,56.9,3154264,TGO,768,1202.0,
Togo,Africa,1992,58.1,3747553,TGO,768,1034.0,
Togo,Africa,1997,58.4,4320890,TGO,768,982.0,
Togo,Africa,2002,57.6,4977378,TGO,768,886.0,
Togo,Africa,2007,58.4,5701579,TGO,768,883.0,
Trinidad and Tobago,Americas,1952,59.1,662850,TTO,780,3023.0,
Trinidad and Tobago,Americas,1957,61.8,764900,TTO,780,4100.0,
Trinidad and Tobago,Americas,1962,64.9,887498,TTO,780,4998.0,
Trinidad and Tobago,Americas,1967,65.4,960155,TTO,780,5621.0,
Trinidad and Tobago,Americas,1972,65.9,975199,TTO,780,6620.0,
Trinidad and Tobago,Americas,1977,68.3,1039009,TTO,780,7900.0,
Trinidad and Tobago,Americas,1982,68.8,1116479,TTO,780,9120.0,
Trinidad and Tobago,Americas,1987,69.6,1191336,TTO,780,7389.0,
Trinidad and Tobago,Americas,1992,69.9,1183669,TTO,780,7371.0,
Trinidad and Tobago,Americas,1997,69.5,1138101,TTO,780,8793.0,
Trinidad and Tobago,Americas,2002,69.0,1101832,TTO,780,11461.0,
Trinidad and Tobago,Americas,2007,69.8,1056608,TTO,780,18009.0,
Tunisia,Africa,1952,44.6,3647735,TUN,788,1468.0,
Tunisia,Africa,1957,47.1,3950849,TUN,788,1395.0,
Tunisia,Africa,1962,49.6,4286552,TUN,788,1660.0,
Tunisia,Africa,1967,52.1,4786986,TUN,788,1932.0,
Tunisia,Africa,1972,55.6,5303507,TUN,788,2753.0,
Tunisia,Africa,1977,59.8,6005061,TUN,788,3121.0,
Tunisia,Africa,1982,64.0,6734098,TUN,788,3560.0,
Tunisia,Africa,1987,66.9,7724976,TUN,788,3810.0,
Tunisia,Africa,1992,70.0,8523077,TUN,788,4333.0,
Tunisia,Africa,1997,72.0,9231669,TUN,788,4877.0,
Tunisia,Africa,2002,73.0,9770575,TUN,788,5723.0,
Tunisia,Africa,2007,73.9,10276158,TUN,788,7093.0,
Turkey,Europe,1952,43.6,22235677,TUR,792,1969.0,
Turkey,Europe,1957,48.1,25670939,TUR,792,2219.0,
Turkey,Europe,1962,52.1,29788695,TUR,792,2323.0,
Turkey,Europe,1967,54.3,33411317,TUR,792,2826.0,
Turkey,Europe,1972,57.0,37492953,TUR,792,3451.0,
Turkey,Europe,1977,59.5,42404033,TUR,792,4269.0,
Turkey,Europe,1982,61.0,47328791,TUR,792,4241.0,
Turkey,Europe,1987,63.1,52881328,TUR,792,5089.0,
Turkey,Europe,1992,66.1,58179144,TUR,792,5678.0,
Turkey,Europe,1997,68.8,63047647,TUR,792,6601.0,
Turkey,Europe,2002,70.8,67308928,TUR,792,6508.0,
Turkey,Europe,2007,71.8,71158647,TUR,792,8458.0,
Uganda,Africa,1952,40.0,5824797,UGA,800,735.0,
Uganda,Africa,1957,42.6,6675501,UGA,800,774.0,
Uganda,Africa,1962,45.3,7688797,UGA,800,767.0,
Uganda,Africa,1967,48.1,8900294,UGA,800,909.0,
Uganda,Africa,1972,51.0,10190285,UGA,800,951.0,
Uganda,Africa,1977,50.4,11457758,UGA,800,844.0,
Uganda,Africa,1982,49.8,12939400,UGA,800,682.0,
Uganda,Africa,1987,51.5,15283050,UGA,800,618.0,
Uganda,Africa,1992,48.8,18252190,UGA,800,644.0,
Uganda,Africa,1997,44.6,21210254,UGA,800,817.0,
Uganda,Africa,2002,47.8,24739869,UGA,800,928.0,
Uganda,Africa,2007,51.5,29170398,UGA,800,1056.0,
United Kingdom,Europe,1952,69.2,50430000,GBR,826,9980.0,G7
United Kingdom,Europe,1957,70.4,51430000,GBR,826,11283.0,G7
United Kingdom,Europe,1962,70.8,53292000,GBR,826,12477.0,G7
United Kingdom,Europe,1967,71.4,54959000,GBR,826,14143.0,G7
United Kingdom,Europe,1972,72.0,56079000,GBR,826,15895.0,G7
United Kingdom,Europe,1977,72.8,56179000,GBR,826,17429.0,G7
United Kingdom,Europe,1982,74.0,56339704,GBR,826,18232.0,G7
United Kingdom,Europe,1987,75.0,56981620,GBR,826,21665.0,G7
United Kingdom,Europe,1992,76.4,57866349,GBR,826,22705.0,G7
United Kingdom,Europe,1997,77.2,58808266,GBR,826,26075.0,G7
United Kingdom,Europe,2002,78.5,59912431,GBR,826,29479.0,G7
United Kingdom,Europe,2007,79.4,60776238,GBR,826,33203.0,G7
United States,Americas,1952,68.4,157553000,USA,840,13990.0,G7
United States,Americas,1957,69.5,171984000,USA,840,14847.0,G7
United States,Americas,1962,70.2,186538000,USA,840,16173.0,G7
United States,Americas,1967,70.8,198712000,USA,840,19530.0,G7
United States,Americas,1972,71.3,209896000,USA,840,21806.0,G7
United States,Americas,1977,73.4,220239000,USA,840,24073.0,G7
United States,Americas,1982,74.6,232187835,USA,840,25010.0,G7
United States,Americas,1987,75.0,242803533,USA,840,29884.0,G7
United States,Americas,1992,76.1,256894189,USA,840,32004.0,G7
United States,Americas,1997,76.8,272911760,USA,840,35767.0,G7
United States,Americas,2002,77.3,287675526,USA,840,39097.0,G7
United States,Americas,2007,78.2,301139947,USA,840,42952.0,G7
Uruguay,Americas,1952,66.1,2252965,URY,858,5717.0,
Uruguay,Americas,1957,67.0,2424959,URY,858,6151.0,
Uruguay,Americas,1962,68.3,2598466,URY,858,5603.0,
Uruguay,Americas,1967,68.5,2748579,URY,858,5445.0,
Uruguay,Americas,1972,68.7,2829526,URY,858,5703.0,
Uruguay,Americas,1977,69.5,2873520,URY,858,6504.0,
Uruguay,Americas,1982,70.8,2953997,URY,858,6920.0,
Uruguay,Americas,1987,71.9,3045153,URY,858,7452.0,
Uruguay,Americas,1992,72.8,3149262,URY,858,8137.0,
Uruguay,Americas,1997,74.2,3262838,URY,858,9230.0,
Uruguay,Americas,2002,75.3,3363085,URY,858,7727.0,
Uruguay,Americas,2007,76.4,3447496,URY,858,10611.0,
Venezuela,Americas,1952,55.1,5439568,VEN,862,7690.0,
Venezuela,Americas,1957,57.9,6702668,VEN,862,9802.0,
Venezuela,Americas,1962,60.8,8143375,VEN,862,8423.0,
Venezuela,Americas,1967,63.5,9709552,VEN,862,9541.0,
Venezuela,Americas,1972,65.7,11515649,VEN,862,10505.0,
Venezuela,Americas,1977,67.5,13503563,VEN,862,13144.0,
Venezuela,Americas,1982,68.6,15620766,VEN,862,11152.0,
Venezuela,Americas,1987,70.2,17910182,VEN,862,9884.0,
Venezuela,Americas,1992,71.2,20265563,VEN,862,10734.0,
Venezuela,Americas,1997,72.1,22374398,VEN,862,10165.0,
Venezuela,Americas,2002,72.8,24287670,VEN,862,8605.0,
Venezuela,Americas,2007,73.7,26084662,VEN,862,11416.0,
Vietnam,Asia,1952,40.4,26246839,VNM,704,605.0,
Vietnam,Asia,1957,42.9,28998543,VNM,704,676.0,
Vietnam,Asia,1962,45.4,33796140,VNM,704,772.0,
Vietnam,Asia,1967,47.8,39463910,VNM,704,637.0,
Vietnam,Asia,1972,50.3,44655014,VNM,704,700.0,
Vietnam,Asia,1977,55.8,50533506,VNM,704,714.0,
Vietnam,Asia,1982,58.8,56142181,VNM,704,707.0,
Vietnam,Asia,1987,62.8,62826491,VNM,704,821.0,
Vietnam,Asia,1992,67.7,69940728,VNM,704,989.0,
Vietnam,Asia,1997,70.7,76048996,VNM,704,1386.0,
Vietnam,Asia,2002,73.0,80908147,VNM,704,1764.0,
Vietnam,Asia,2007,74.2,85262356,VNM,704,2442.0,
West Bank and Gaza,Asia,1952,43.2,1030585,PSE,275,1516.0,
West Bank and Gaza,Asia,1957,45.7,1070439,PSE,275,1827.0,
West Bank and Gaza,Asia,1962,48.1,1133134,PSE,275,2199.0,
West Bank and Gaza,Asia,1967,51.6,1142636,PSE,275,2650.0,
West Bank and Gaza,Asia,1972,56.5,1089572,PSE,275,3133.0,
West Bank and Gaza,Asia,1977,60.8,1261091,PSE,275,3683.0,
West Bank and Gaza,Asia,1982,64.4,1425876,PSE,275,4336.0,
West Bank and Gaza,Asia,1987,67.0,1691210,PSE,275,5107.0,
West Bank and Gaza,Asia,1992,69.7,2104779,PSE,275,6018.0,
West Bank and Gaza,Asia,1997,71.1,2826046,PSE,275,7111.0,
West Bank and Gaza,Asia,2002,72.4,3389578,PSE,275,4515.0,
West Bank and Gaza,Asia,2007,73.4,4018332,PSE,275,3025.0,
"Yemen, Rep.",Asia,1952,32.5,4963829,YEM,887,782.0,
"Yemen, Rep.",Asia,1957,34.0,5498090,YEM,887,805.0,
"Yemen, Rep.",Asia,1962,35.2,6120081,YEM,887,826.0,
"Yemen, Rep.",Asia,1967,37.0,6740785,YEM,887,862.0,
"Yemen, Rep.",Asia,1972,39.8,7407075,YEM,887,1265.0,
"Yemen, Rep.",Asia,1977,44.2,8403990,YEM,887,1830.0,
"Yemen, Rep.",Asia,1982,49.1,9657618,YEM,887,1978.0,
"Yemen, Rep.",Asia,1987,52.9,11219340,YEM,887,1972.0,
"Yemen, Rep.",Asia,1992,55.6,13367997,YEM,887,1879.0,
"Yemen, Rep.",Asia,1997,58.0,15826497,YEM,887,2117.0,
"Yemen, Rep.",Asia,2002,60.3,18701257,YEM,887,2235.0,
"Yemen, Rep.",Asia,2007,62.7,22211743,YEM,887,2281.0,
Zambia,Africa,1952,42.0,2672000,ZMB,894,1147.0,
Zambia,Africa,1957,44.1,3016000,ZMB,894,1312.0,
Zambia,Africa,1962,46.0,3421000,ZMB,894,1453.0,
Zambia,Africa,1967,47.8,3900000,ZMB,894,1777.0,
Zambia,Africa,1972,50.1,4506497,ZMB,894,1773.0,
Zambia,Africa,1977,51.4,5216550,ZMB,894,1589.0,
Zambia,Africa,1982,51.8,6100407,ZMB,894,1409.0,
Zambia,Africa,1987,50.8,7272406,ZMB,894,1213.0,
Zambia,Africa,1992,46.1,8381163,ZMB,894,1211.0,
Zambia,Africa,1997,40.2,9417789,ZMB,894,1071.0,
Zambia,Africa,2002,39.2,10595811,ZMB,894,1072.0,
Zambia,Africa,2007,42.4,11746035,ZMB,894,1271.0,
Zimbabwe,Africa,1952,48.5,3080907,ZWE,716,407.0,
Zimbabwe,Africa,1957,50.5,3646340,ZWE,716,519.0,
Zimbabwe,Africa,1962,52.4,4277736,ZWE,716,527.0,
Zimbabwe,Africa,1967,54.0,4995432,ZWE,716,570.0,
Zimbabwe,Africa,1972,55.6,5861135,ZWE,716,799.0,
Zimbabwe,Africa,1977,57.7,6642107,ZWE,716,686.0,
Zimbabwe,Africa,1982,60.4,7636524,ZWE,716,789.0,
Zimbabwe,Africa,1987,62.4,9216418,ZWE,716,706.0,
Zimbabwe,Africa,1992,60.4,10704340,ZWE,716,693.0,
Zimbabwe,Africa,1997,46.8,11404948,ZWE,716,792.0,
Zimbabwe,Africa,2002,40.0,11926563,ZWE,716,672.0,
Zimbabwe,Africa,2007,43.5,12311143,ZWE,716,470.0,
